Location,Estate Lat (WIP),Estate Lon (WIP),Year of issue,Diplomas,Num diplomas,Shire,Promulgation site,Lat (comp.),Lon (comp.),Predicted accuracy,Notes,Prom Lat,Prom Lon,Estate Lat,Estate Lon,Distance
Ciricdune (? at Chingford),51.623,0.009,950,S 552a,1,Essex,Abingdon,,,Not found,,51.6714842,-1.2779715,51.623,0.009,89.2417131450465
LatLon,51.55,0.4,950,S 552a,1,Essex,Abingdon,,,Not found,,51.6714842,-1.2779715,51.55,0.4,117.01715772514
Fontmell,50.9515,-2.1918,932,S 419,1,Dorset,Amesbury,50.9516684,-2.1913332,Shire match,,51.1706875,-1.7706128,50.9515,-2.1918,38.2945069045256
Littlebrook,51.461985,0.24135025,995,S 885,1,Kent,Amesbury,51.3609716,1.0658995,Shire match,,51.1706875,-1.7706128,51.461985,0.24135025,143.962533375591
North Stoneham,50.955,-1.381666667,932,S 418,1,Hampshire,Amesbury,50.9638699,-1.3757176,Shire match,,51.1706875,-1.7706128,50.955,-1.381666667,36.3208723031115
Wouldham,51.34964,0.45836,995,S 885,1,Kent,Amesbury,51.3529009,0.474945,Shire match,,51.1706875,-1.7706128,51.34964,0.45836,156.854354665203
Fovant,51.059,-1.996,901,S 364,1,Wiltshire,Axminster,51.0554611,-1.9926309,Shire match,,50.7820966,-2.9979915,51.059,-1.996,76.8964105444405
Waltham St Lawrence,51.48333333,-0.805,1007,S 915,1,Berkshire,Beorchore,51.4833379,-0.8067539,No shire match,,51.6948740025625,-2.45736974415235,51.48333333,-0.805,116.908332335227
Bishops Waltham,50.9536,-1.2118,904,S 372,1,Hampshire,Bickleigh,50.9540325,-1.2143351,Shire match,,50.8427425,-3.502667,50.9536,-1.2118,161.629858794239
Compton,51.295,-2.869,904,S 373,1,Somerset,Bickleigh,51.2894146,-2.8505896,Shire match,,50.8427425,-3.502667,51.295,-2.869,67.1130538124811
Crowcombe,51.124,-3.2273,904,S 373,1,Somerset,Bickleigh,51.1169848,-3.2309709,Shire match,,50.8427425,-3.502667,51.124,-3.2273,36.7823043149339
Portchester,50.842,-1.12,904,S 372,1,Hampshire,Bickleigh,50.8488504,-1.125024,Shire match,,50.8427425,-3.502667,50.842,-1.12,167.816523957104
Stoce by Shalbourne,51.368,-1.55,904,S 373,1,Wiltshire,Bickleigh,,,Not found,,50.8427425,-3.502667,51.368,-1.55,148.716717833613
Taunton,51.019,-3.1,904,S 373,1,Somerset,Bickleigh,51.0147895,-3.1029086,Shire match,,50.8427425,-3.502667,51.019,-3.1,34.4358916159673
Taunton,51.019,-3.1,968,S 806,1,Somerset,Cheddar,51.0147895,-3.1029086,Shire match,,51.2753365,-2.7766545,51.019,-3.1,36.4033025753556
Micheldever,51.148569,-1.265595,900,S 360,1,Hampshire,Southampton,51.1573724,-1.2576789,Shire match,,50.9025349,-1.404189,51.148569,-1.265595,29.0468462352743
Micheldever,51.148569,-1.265595,903,S 370,1,Hampshire,Southampton,51.1573724,-1.2576789,Shire match,,50.9025349,-1.404189,51.148569,-1.265595,29.0468462352743
Micheldever,51.148569,-1.265595,904,S 374,1,Hampshire,Bickleigh,51.1573724,-1.2576789,Shire match,,50.8427425,-3.502667,51.148569,-1.265595,160.687982738265
Banwell,51.327,-2.864,904,S 373,1,Somerset,Bickleigh,51.3279764,-2.8629427,Shire match,,50.8427425,-3.502667,51.327,-2.864,70.0353198631486
Banwell,51.327,-2.864,1065,S 1042,1,Somerset,Windsor,51.3279764,-2.8629427,Shire match,,51.4837886,-0.6040419,51.327,-2.864,158.215395356817
Kingtone (? Kington St Michael),51.497,-2.143,934,S 426,1,Wiltshire,Buckingham,,,Not found,,51.9983175,-0.9786725,51.497,-2.143,97.8619826174916
Tadmarton,52.04,-1.429,956,S 611,1,Oxfordshire,Cheddar,52.0309453,-1.4181502,Shire match,,51.2753365,-2.7766545,52.04,-1.429,126.231043530902
Tisted,51.05745,-1.07035,941,S 511,1,Hampshire,Cheddar,51.0811667,-0.9969444,Shire match,,51.2753365,-2.7766545,51.05745,-1.07035,121.783411558721
Bradford Abbas,50.928,-2.588,933,S 422,1,Dorset,Chippenham,50.9342937,-2.5918593,Shire match,,51.4587621,-2.1159032,50.928,-2.588,67.6446577956439
Langley,51.492,-2.108,940,S 473,1,Wiltshire,Chippenham,51.4990873,-2.114639,Shire match,,51.4587621,-2.1159032,51.492,-2.108,3.73850572372908
Sandford,50.810522,-3.662816,930,S 405,1,Devonshire,Chippenham,50.8230346,-3.7070975,No shire match,,51.4587621,-2.1159032,50.810522,-3.662816,130.089436981656
Stalbridge Weston,50.94813167,-2.398086977,933,S 423,1,Dorset,Chippenham,50.9486252,-2.3996411,Shire match,,51.4587621,-2.1159032,50.94813167,-2.398086977,60.1346092995177
Bedwyn,,,999,S 937,1,Wiltshire,Cirencester,51.379545,-1.5988642,Shire match,,51.7171029,-1.9661616,51.379545,-1.5988642,45.3828942723993
Burbage,,,999,S 937,1,Wiltshire,Cirencester,51.3548751,-1.6633806,Shire match,,51.7171029,-1.9661616,51.3548751,-1.6633806,45.44800816741
Farnborough,,,999,S 937,1,Warwickshire,Cirencester,52.1436011,-1.3683355,Shire match,,51.7171029,-1.9661616,52.1436011,-1.3683355,62.7921304452816
Hurstbourne (Tarrant),,,999,S 937,1,Hampshire,Cirencester,51.2816791,-1.451908,Shire match,,51.7171029,-1.9661616,51.2816791,-1.451908,60.1834745227203
Pyrian (? Wood- or Waterperry),,,999,S 937,1,Oxfordshire,Cirencester,,,Not found,,51.7171029,-1.9661616,,,
Seacourt,,,956,S 633,1,Berkshire,Cirencester,51.5004962,-0.5358873,No shire match,,51.7171029,-1.9661616,51.5004962,-0.5358873,101.96920438135
South Cerney,,,999,S 937,1,Gloucestershire,Cirencester,51.6728211,-1.9206602,Shire match,,51.7171029,-1.9661616,51.6728211,-1.9206602,5.84569646127006
Wormleighton,,,999,S 937,1,Warwickshire,Cirencester,52.1790224,-1.3451912,Shire match,,51.7171029,-1.9661616,52.1790224,-1.3451912,66.8166787709614
Wytham,,,956,S 633,1,Berkshire,Cirencester,,,Not found,,51.7171029,-1.9661616,,,
Ecchinswell,,,931,S 412,1,Hampshire,Colchester,51.3329458,-1.2838865,Shire match,,51.8896903,0.8994651,51.3329458,-1.2838865,163.428304597943
Grittleton,,,940,S 472,1,Wiltshire,Colchester,51.5175337,-2.2093908,Shire match,,51.8896903,0.8994651,51.5175337,-2.2093908,218.85157178452
Bocking,,,997,S 939,1,Essex,Cookham,51.8838073,0.5499129,Shire match,,51.5600965,-0.7081509,51.8838073,0.5499129,94.0994109764044
Bremhill,,,937,S 434,1,Wiltshire,Dorchester,51.4693457,-2.0454519,Shire match,,50.7132064,-2.4371229,51.4693457,-2.0454519,88.4826191890479
Bremhill,,,937,S 436,1,Wiltshire,Dorchester,51.4693457,-2.0454519,Shire match,,50.7132064,-2.4371229,51.4693457,-2.0454519,88.4826191890479
Burleston,,,934,S 391,1,Dorset,Dorchester,50.7476294,-2.3180015,Shire match,,50.7132064,-2.4371229,50.7476294,-2.3180015,9.24113911772353
Cattistock,,,934,S 391,1,Dorset,Dorchester,50.8097933,-2.5913499,Shire match,,50.7132064,-2.4371229,50.8097933,-2.5913499,15.2925250349306
Chalmington,,,934,S 391,1,Dorset,Dorchester,50.8056347,-2.5770133,Shire match,,50.7132064,-2.4371229,50.8056347,-2.5770133,14.2531026209047
Clyffe in Tincleton,,,934,S 391,1,Dorset,Dorchester,,,Not found,,50.7132064,-2.4371229,,,
Compton Abbas,,,934,S 391,1,Dorset,Dorchester,50.9649957,-2.187397,Shire match,,50.7132064,-2.4371229,50.9649957,-2.187397,33.0758328353564
Ercecombe (Yarcombe)/Stokelonde (Stockland),,,934,S 391,1,Devonshire,Dorchester,,,Not found,,50.7132064,-2.4371229,,,
Ewen,,,937,S 436,1,Gloucestershire,Dorchester,51.677278,-1.993704,Shire match,,50.7132064,-2.4371229,51.677278,-1.993704,111.64338173164
Hillfield,,,934,S 391,1,Dorset,Dorchester,50.625128,-2.240709,Shire match,,50.7132064,-2.4371229,50.625128,-2.240709,16.9944435795432
Holworth,,,934,S 391,1,Dorset,Dorchester,50.6496111,-2.3303023,Shire match,,50.7132064,-2.4371229,50.6496111,-2.3303023,10.3463806452384
Little Puddle,,,934,S 391,1,Dorset,Dorchester,,,Not found,,50.7132064,-2.4371229,,,
Lyscombe,,,934,S 391,1,Dorset,Dorchester,50.6810991,-2.2351315,Shire match,,50.7132064,-2.4371229,50.6810991,-2.2351315,14.7115820389178
Milborne (St Andrew),,,934,S 391,1,Dorset,Dorchester,50.7764648,-2.277241,Shire match,,50.7132064,-2.4371229,50.7764648,-2.277241,13.2991247965324
Norton,,,937,S 436,1,Wiltshire,Dorchester,51.5650551,-2.161818,Shire match,,50.7132064,-2.4371229,51.5650551,-2.161818,96.7076526914566
Osmington,,,934,S 391,1,Dorset,Dorchester,50.6461536,-2.3901583,Shire match,,50.7132064,-2.4371229,50.6461536,-2.3901583,8.16436711498673
Ower,,,934,S 391,1,Dorset,Dorchester,50.6693846,-2.0031095,Shire match,,50.7132064,-2.4371229,50.6693846,-2.0031095,31.0534274435026
Sumerford (? Little Somerford),,,937,S 436,1,Wiltshire,Dorchester,,,Not found,,50.7132064,-2.4371229,,,
Sydling,,,934,S 391,1,Dorset,Dorchester,50.7999259,-2.5263061,Shire match,,50.7132064,-2.4371229,50.7999259,-2.5263061,11.5181677253747
Twynham (Christchurch),,,934,S 391,1,Hampshire,Dorchester,,,Not found,,50.7132064,-2.4371229,,,
Whitcombe,,,934,S 391,1,Dorset,Dorchester,50.6927897,-2.4012155,Shire match,,50.7132064,-2.4371229,50.6927897,-2.4012155,3.40486323531234
Woolland,,,934,S 391,1,Dorset,Dorchester,50.8614553,-2.3168527,Shire match,,50.7132064,-2.4371229,50.8614553,-2.3168527,18.5448488656963
Wootton Bassett,,,937,S 435,1,Wiltshire,Dorchester,51.5417946,-1.9047369,Shire match,,50.7132064,-2.4371229,51.5417946,-1.9047369,99.4295394344973
Wootton Bassett,,,937,S 436,1,Wiltshire,Dorchester,51.5417946,-1.9047369,Shire match,,50.7132064,-2.4371229,51.5417946,-1.9047369,99.4295394344973
"Ye (St Helen’s,  now Green Island)",,,934,S 391,1,Dorset,Dorchester,,,Not found,,50.7132064,-2.4371229,,,
Walden,,,888,S 220,1,Hertfordshire,Droitwich,51.8811097,-0.2760921,Shire match,,52.26851,-2.1486075,51.8811097,-0.2760921,135.424552135148
Cyricestun (? Somerset),,,882,S 345,1,Somerset,Epsom,,,Not found,,51.3326098,-0.2678212,,,
Odstock,,,928,S 400,1,Wiltshire,Exeter,51.0255727,-1.7909125,Shire match,,50.7256138,-3.5269209,51.0255727,-1.7909125,126.660434049393
Winterbourne (? near Bristol),,,928,S 399,1,Gloucestershire,Exeter,,,Not found,,50.7256138,-3.5269209,,,
Ashmanworth,,,934,S 427,1,Hampshire,Frome,,,Not found,,51.2294852,-2.3198467,,,
Chilbolton,,,934,S 427,1,Hampshire,Frome,51.13978,-1.4190758,Shire match,,51.2294852,-2.3198467,51.13978,-1.4190758,63.766112172477
Enford,,,934,S 427,1,Wiltshire,Frome,51.2603232,-1.8055256,Shire match,,51.2294852,-2.3198467,51.2603232,-1.8055256,36.0771731073318
Twickenham,,,948,S 537,1,Middlesex,Gadshill,,,Not found,,52.2698549,-1.545795,,,
Aston in Wellington,,,975,S 802,1,Shropshire,Glastonbury,,,Not found,,51.14804,-2.716577,,,
Between the Tyburn and the Fleet,,,959,S 670,1,Middlesex,Glastonbury,,,Not found,,51.14804,-2.716577,,,
Rimpton,,,956,S 571,1,Somerset,Glastonbury,50.9944264,-2.5628889,Shire match,,51.14804,-2.716577,50.9944264,-2.5628889,20.2011273485201
Blackwell in Tredington,,,963,S 731,1,Worcestershire,Gloucester,,,Not found,,51.8653705,-2.2458192,,,
Blockley,,,963,S 731,1,Gloucestershire,Gloucester,52.0223907,-1.7408221,Shire match,,51.8653705,-2.2458192,52.0223907,-1.7408221,38.8727713462734
Bredon,,,963,S 731,1,Worcestershire,Gloucester,52.0311079,-2.112163,Shire match,,51.8653705,-2.2458192,52.0311079,-2.112163,20.6039549919301
Cropthorne,,,963,S 731,1,Worcestershire,Gloucester,52.1049064,-2.0011014,Shire match,,51.8653705,-2.2458192,52.1049064,-2.0011014,31.5119686815213
Daylesford,,,"949, 963",S 731,1,Gloucestershire,Gloucester,51.9311658,-1.6467043,Shire match,,51.8653705,-2.2458192,51.9311658,-1.6467043,41.8838448888091
Dorn in Batsford,52.0039487443992,-1.70391337159128,963,S 731,1,Gloucestershire,Gloucester,,,Not found,,51.8653705,-2.2458192,52.0039487443992,-1.70391337159128,40.33457317813
Evenlode,,,"963, 1051",S 731,1,Gloucestershire,Gloucester,51.9638236,-1.674951,Shire match,,51.8653705,-2.2458192,51.9638236,-1.674951,40.7794086856639
Grimley,,,963,S 731,1,Worcestershire,Gloucester,52.240114,-2.2413205,Shire match,,51.8653705,-2.2458192,52.240114,-2.2413205,41.6982344318528
Hallow,,,963,S 731,1,Worcestershire,Gloucester,52.2216182,-2.2544279,Shire match,,51.8653705,-2.2458192,52.2216182,-2.2544279,39.64343304755
Harvington,,,963,S 731,1,Worcestershire,Gloucester,52.1386899,-1.9197959,Shire match,,51.8653705,-2.2458192,52.1386899,-1.9197959,37.7644038220842
Icomb,,,963,S 731,1,Gloucestershire,Gloucester,51.9012782,-1.6922932,Shire match,,51.8653705,-2.2458192,51.9012782,-1.6922932,38.3225544317634
Knightwick,,,963,S 731,1,Worcestershire,Gloucester,52.2005208,-2.3948939,Shire match,,51.8653705,-2.2458192,52.2005208,-2.3948939,38.6693654784661
Little Witley,,,963,S 731,1,Worcestershire,Gloucester,52.2706289,-2.3186977,Shire match,,51.8653705,-2.2458192,52.2706289,-2.3186977,45.3686380277599
Mitton in Bredon,51.9970052756914,-2.15190740387401,963,S 731,1,Worcestershire,Gloucester,,,Not found,,51.8653705,-2.2458192,51.9970052756914,-2.15190740387401,16.0076609625779
Northwick in Blockley,,,963,S 731,1,Gloucestershire,Gloucester,52.0307948,-1.7531593,Shire match,,51.8653705,-2.2458192,52.0307948,-1.7531593,38.5516238861622
Overbury,,,963,S 731,1,Worcestershire,Gloucester,52.034755,-2.0632074,Shire match,,51.8653705,-2.2458192,52.034755,-2.0632074,22.6459376646256
Pendock,,,963,S 731,1,Worcestershire,Gloucester,51.9930493,-2.3157651,Shire match,,51.8653705,-2.2458192,51.9930493,-2.3157651,14.9989328923936
Sedgeberrow,,,963,S 731,1,Worcestershire,Gloucester,52.0452687,-1.9684868,Shire match,,51.8653705,-2.2458192,52.0452687,-1.9684868,27.6434578359205
Shipston-on-Stour,,,963,S 731,1,Warwickshire,Gloucester,52.0630181,-1.6247264,Shire match,,51.8653705,-2.2458192,52.0630181,-1.6247264,48.0207976436289
Teddington,,,963,S 731,1,Gloucestershire,Gloucester,51.9964573,-2.0446998,Shire match,,51.8653705,-2.2458192,51.9964573,-2.0446998,20.1024541378068
Tredington,,,963,S 731,1,Warwickshire,Gloucester,52.0902906,-1.6254083,Shire match,,51.8653705,-2.2458192,52.0902906,-1.6254083,49.4324799278587
Cowley,,,1004,S 909,1,Oxfordshire,Headington,51.7313447,-1.2175301,Shire match,,51.7601673,-1.2109282,51.7313447,-1.2175301,3.23912883950852
Cutslow,51.7897630092562,-1.26629694756249,1004,S 909,1,Oxfordshire,Headington,,,Not found,I have used Cutteslowe,51.7601673,-1.2109282,51.7897630092562,-1.26629694756249,5.04462943886417
Headington,,,1004,S 909,1,Oxfordshire,Headington,51.7601673,-1.2109282,Shire match,,51.7601673,-1.2109282,51.7601673,-1.2109282,0
Upper Winchendon,,,1004,S 909,1,Buckinghamshire,Headington,51.8182405,-0.9260746,Shire match,,51.7601673,-1.2109282,51.8182405,-0.9260746,20.6897487916387
Whitehill in Tackley,51.8658905926398,-1.30920448578719,1004,S 909,1,Oxfordshire,Headington,,,Not found,,51.7601673,-1.2109282,51.8658905926398,-1.30920448578719,13.5759622744058
Albury,,,933,S 420,1,Surrey,Kingston-on-Thames,51.209119,-0.4936554,Shire match,,51.6743611,-1.2821216,51.209119,-0.4936554,75.3955059428628
Banstead,,,933,S 420,1,Surrey,Kingston-on-Thames,51.3238969,-0.1986813,Shire match,,51.6743611,-1.2821216,51.3238969,-0.1986813,84.7386039936874
Beddington,51.3688191191177,-0.127039621741541,933,S 420,1,Surrey,Kingston-on-Thames,,,Not found,,51.6743611,-1.2821216,51.3688191191177,-0.127039621741541,87.0796094586296
Bisley,,,933,S 420,1,Surrey,Kingston-on-Thames,51.3234698,-0.6383949,Shire match,,51.6743611,-1.2821216,51.3234698,-0.6383949,59.3487537726144
Bookham,,,"933, 947, 967, 1051",S 420,1,Surrey,Kingston-on-Thames,51.2888353,-0.3838753,Shire match,,51.6743611,-1.2821216,51.2888353,-0.3838753,75.7190854473203
Bosanketh,50.0844509305412,-5.66224403922781,925,S 450,1,Cornwall,Kingston-on-Thames,,,Not found,Little Bosanketh Farm,51.6743611,-1.2821216,50.0844509305412,-5.66224403922781,355.320391896347
Bosliven,50.0706498878936,-5.61056559414857,925,S 450,1,Cornwall,Kingston-on-Thames,,,Not found,There is a Bosliven farm in Cornwall,51.6743611,-1.2821216,50.0706498878936,-5.61056559414857,352.983983585163
Botilwoelon,,,925,S 450,1,Cornwall,Kingston-on-Thames,,,Not found,,51.6743611,-1.2821216,,,
Burnewhall,,,925,S 450,1,Cornwall,Kingston-on-Thames,,,Not found,,51.6743611,-1.2821216,,,
Byfleet,,,933,S 420,1,Surrey,Kingston-on-Thames,51.3401727,-0.472897,Shire match,,51.6743611,-1.2821216,51.3401727,-0.472897,67.3720888481015
Carshalton (Æuueltone),51.3647271224087,-0.16381710249255,933,S 420,1,Surrey,Kingston-on-Thames,,,Not found,,51.6743611,-1.2821216,51.3647271224087,-0.16381710249255,84.9222856669582
Cealuadune (Chaldon),51.2804383333894,-0.117827392792368,927,S 420,1,Surrey,Kingston-on-Thames,,,Not found,,51.6743611,-1.2821216,51.2804383333894,-0.117827392792368,91.9976243684097
Cheam,,,928,S 420,1,Surrey,Kingston-on-Thames,51.3518694,-0.2229866,Shire match,,51.6743611,-1.2821216,51.3518694,-0.2229866,81.8121204017623
Chertsey,,,929,S 420,1,Surrey,Kingston-on-Thames,51.392296,-0.5038294,Shire match,,51.6743611,-1.2821216,51.392296,-0.5038294,62.4610261687899
Chipstead,,,930,S 420,1,Surrey,Kingston-on-Thames,51.3093522,-0.1693688,Shire match,,51.6743611,-1.2821216,51.3093522,-0.1693688,87.3026090345203
Chobham,,,931,S 420,1,Surrey,Kingston-on-Thames,51.3477705,-0.6010128,Shire match,,51.6743611,-1.2821216,51.3477705,-0.6010128,59.6332257770862
Cobham,,,932,S 420,1,Surrey,Kingston-on-Thames,51.3300079,-0.4120821,Shire match,,51.6743611,-1.2821216,51.3300079,-0.4120821,71.5363315285982
Coulsdon,,,933,S 420,1,Surrey,Kingston-on-Thames,51.29723,-0.1061029,Shire match,,51.6743611,-1.2821216,51.29723,-0.1061029,91.8329898187563
Cuddington,,,933,S 420,1,Surrey,Kingston-on-Thames,51.3764891,-0.2554486,Shire match,,51.6743611,-1.2821216,51.3764891,-0.2554486,78.582143947583
Dritham,,,933,S 420,1,Surrey,Kingston-on-Thames,,,Not found,Cannot find,51.6743611,-1.2821216,,,
East Clandon,,,933,S 420,1,Surrey,Kingston-on-Thames,51.2568306,-0.4826123,Shire match,,51.6743611,-1.2821216,51.2568306,-0.4826123,72.4204717905854
Effingham,,,933,S 420,1,Surrey,Kingston-on-Thames,51.271863,-0.3977913,Shire match,,51.6743611,-1.2821216,51.271863,-0.3977913,76.0303531427327
Egham,,,933,S 420,1,Surrey,Kingston-on-Thames,51.4312585,-0.5473085,Shire match,,51.6743611,-1.2821216,51.4312585,-0.5473085,57.6985990262322
Epsom,,,933,S 420,1,Surrey,Kingston-on-Thames,51.3326098,-0.2678212,Shire match,,51.6743611,-1.2821216,51.3326098,-0.2678212,80.0354688544843
Folkestone,,,"927, 1035, 1051",S 398,1,Kent,Kingston-on-Thames,51.0791335,1.1794073,Shire match,,51.6743611,-1.2821216,51.0791335,1.1794073,183.727604924884
Folkestone,,,1035,S 981,1,Kent,Kingston-on-Thames,51.0791335,1.1794073,Shire match,,51.6743611,-1.2821216,51.0791335,1.1794073,183.727604924884
Folkestone,,,1051,S 1047,1,Kent,Kingston-on-Thames,51.0791335,1.1794073,Shire match,,51.6743611,-1.2821216,51.0791335,1.1794073,183.727604924884
Frimley,,,933,S 420,1,Surrey,Kingston-on-Thames,51.3140156,-0.7440667,Shire match,,51.6743611,-1.2821216,51.3140156,-0.7440667,54.8051806567183
Frimley,,,967,S 752,1,Surrey,Kingston-on-Thames,51.3140156,-0.7440667,Shire match,,51.6743611,-1.2821216,51.3140156,-0.7440667,54.8051806567183
"Getinges (cf. Eaton Farm,  Chobham)",51.3573767166966,-0.606937366646096,885,S 353,1,Surrey,Kingston-on-Thames,,,Not found,"Very unsure, just centred on Chobham",51.6743611,-1.2821216,51.3573767166966,-0.606937366646096,58.6550060416179
"Getinges (cf. Eaton Farm,  Chobham)",51.3573767166966,-0.606937366646096,933,S 420,1,Surrey,Kingston-on-Thames,,,Not found,"Very unsure, just centred on Chobham",51.6743611,-1.2821216,51.3573767166966,-0.606937366646096,58.6550060416179
Hunewaldesham (lost) in Weybridge,51.3663530677456,-0.445368679321105,885,S 353,1,Surrey,Kingston-on-Thames,,,Not found,Centred on Weybridge,51.6743611,-1.2821216,51.3663530677456,-0.445368679321105,67.4342114215502
Hunewaldesham (lost) in Weybridge,51.3663530677456,-0.445368679321105,933,S 420,1,Surrey,Kingston-on-Thames,,,Not found,Centred on Weybridge,51.6743611,-1.2821216,51.3663530677456,-0.445368679321105,67.4342114215502
Merstham,,,933,S 420,1,Surrey,Kingston-on-Thames,51.2641687,-0.150065,Shire match,,51.6743611,-1.2821216,51.2641687,-0.150065,90.9416815585948
Merstham,,,947,S 528,1,Surrey,Kingston-on-Thames,51.2641687,-0.150065,Shire match,,51.6743611,-1.2821216,51.2641687,-0.150065,90.9416815585948
Merstham,,,967,S 752,1,Surrey,Kingston-on-Thames,51.2641687,-0.150065,Shire match,,51.6743611,-1.2821216,51.2641687,-0.150065,90.9416815585948
Merstham,,,1051,S 1047,1,Surrey,Kingston-on-Thames,51.2641687,-0.150065,Shire match,,51.6743611,-1.2821216,51.2641687,-0.150065,90.9416815585948
Mitcham,,,933,S 420,1,Surrey,Kingston-on-Thames,51.353138,-0.7204885,Shire match,,51.6743611,-1.2821216,51.353138,-0.7204885,52.889640741789
Molesey,,,933,S 420,1,Surrey,Kingston-on-Thames,51.4029006,-0.3713094,Shire match,,51.6743611,-1.2821216,51.4029006,-0.3713094,70.0395540859751
Pendrea,,,925,S 450,1,Cornwall,Kingston-on-Thames,50.5282232,-4.6800605,Shire match,,51.6743611,-1.2821216,50.5282232,-4.6800605,269.972780486883
Petersham,,,933,S 420,1,Surrey,Kingston-on-Thames,51.3414264,-0.4776999,Shire match,,51.6743611,-1.2821216,51.3414264,-0.4776999,67.0164346896703
Pointers in Cobham,51.3201295996023,-0.438680427449106,933,S 420,1,Surrey,Kingston-on-Thames,,,Not found,Placed on the end of Pointers Road,51.6743611,-1.2821216,51.3201295996023,-0.438680427449106,70.5965101216518
Streatham,51.4296059316044,-0.129376852404363,933,S 420,1,Surrey,Kingston-on-Thames,,,Not found,,51.6743611,-1.2821216,51.4296059316044,-0.129376852404363,84.4649344351563
"Suthmeresfelda (Canon’s Farm,  Banstead)",51.3047869908486,-0.211060316539425,933,S 420,1,Surrey,Kingston-on-Thames,,,Not found,,51.6743611,-1.2821216,51.3047869908486,-0.211060316539425,84.9979317148919
Sutton,,,933,S 420,1,Surrey,Kingston-on-Thames,51.1967997,-0.6229249,Shire match,,51.6743611,-1.2821216,51.1967997,-0.6229249,70.1724092197272
Tadworth,,,933,S 420,1,Surrey,Kingston-on-Thames,51.2912247,-0.2326709,Shire match,,51.6743611,-1.2821216,51.2912247,-0.2326709,84.448311285451
Thorpe,,,933,S 420,1,Surrey,Kingston-on-Thames,51.408913,-0.5329621,Shire match,,51.6743611,-1.2821216,51.408913,-0.5329621,59.7790045776868
Thunderfield,,,933,S 420,1,Surrey,Kingston-on-Thames,51.1674651,-0.1419385,Shire match,,51.6743611,-1.2821216,51.1674651,-0.1419385,97.3162331468357
Tooting,51.4290273199693,-0.165046258885163,933,S 420,1,Surrey,Kingston-on-Thames,,,Not found,,51.6743611,-1.2821216,51.4290273199693,-0.165046258885163,82.1487386859006
Treikyn,,,925,S 450,1,Cornwall,Kingston-on-Thames,,,Not found,Cannot find a Treikyn in Cornwall,51.6743611,-1.2821216,,,
Treverven,,,925,S 450,1,Cornwall,Kingston-on-Thames,50.0573016,-5.6175537,Shire match,,51.6743611,-1.2821216,50.0573016,-5.6175537,354.196846510229
Waddington,,,933,S 420,1,Surrey,Kingston-on-Thames,,,Not found,Based on Open Domesday https://opendomesday.org/place/TQ3158/waddington/,51.6743611,-1.2821216,51.3594005988332,-0.138847776141533,86.7511225666525
Warkton,,,946,S 520,1,Northamptonshire,Kingston-on-Thames,52.417541,-0.6602266,Shire match,,51.6743611,-1.2821216,52.417541,-0.6602266,93.0500298537654
Werburginland (? Way (Wayborough) near Minster),51.3389304215595,1.32945717833329,924,S 394,1,Kent,Kingston-on-Thames,,,Not found,,51.6743611,-1.2821216,51.3389304215595,1.32945717833329,185.112767249495
West Clandon,,,933,S 420,1,Surrey,Kingston-on-Thames,51.2608611,-0.5103708,Shire match,,51.6743611,-1.2821216,51.2608611,-0.5103708,70.6568591102801
Weybridge,,,933,S 420,1,Surrey,Kingston-on-Thames,51.3727175,-0.4549297,Shire match,,51.6743611,-1.2821216,51.3727175,-0.4549297,66.4999646979848
White Waltham,,,933,S 420,1,Berkshire,Kingston-on-Thames,51.4908971,-0.7683543,No shire match,,51.6743611,-1.2821216,51.4908971,-0.7683543,41.0467597361154
Woodham in Chertsey,51.344716560443,-0.512534301589047,933,S 420,1,Surrey,Kingston-on-Thames,,,Not found,,51.6743611,-1.2821216,51.344716560443,-0.512534301589047,64.8052989888756
Ewell,,,933,S 420,1,Surrey,Kingston-on-Thames,51.3502402,-0.2511759,Shire match,,51.6743611,-1.2821216,51.3502402,-0.2511759,80.1406292806346
Ham,,,931,S 416,1,Wiltshire,Lifton,51.3567244,-1.5189153,Shire match,"This had the donation site ""Lifton, Westminster""",50.6431937101345,-4.28368935052656,51.3567244,-1.5189153,209.669485197673
Brabourne,,,996,S 877,1,Kent,London,51.1390871,0.9804239,Shire match,,51.4893335,-0.1440551,51.1390871,0.9804239,87.5496625388737
Burhwarefelda,,,996,S 877,1,Kent,London,,,Not found,"Try 'Kentish Place-Names', Uppsala Universitets Årsskrift (1931)",51.4893335,-0.1440551,,,
Chalk,,,996,S 877,1,Kent,London,51.4321057,0.3993639,Shire match,,51.4893335,-0.1440551,51.4321057,0.3993639,38.3005555758894
Cofton Hackett,,,934,S 428,1,Worcestershire,London,52.3776093,-1.9965531,Shire match,,51.4893335,-0.1440551,52.3776093,-1.9965531,161.245109823022
Crowland,,,1032,S 965,1,Lincolnshire,London,52.6847789,-0.1578674,Shire match,,51.4893335,-0.1440551,52.6847789,-0.1578674,133.019379361624
Evegate,,,996,S 877,1,Kent,London,51.1133754,0.9541013,Shire match,,51.4893335,-0.1440551,51.1133754,0.9541013,87.2634888081165
Hopwood in Alvechurch,52.3725879588303,-1.95927619022992,934,S 428,1,Worcestershire,London,,,Not found,,51.4893335,-0.1440551,52.3725879588303,-1.95927619022992,158.886671433574
Nackington,,,996,S 877,1,Kent,London,51.2495575,1.0896208,Shire match,,51.4893335,-0.1440551,51.2495575,1.0896208,89.9566610556827
Rednal in Kings Norton,52.3928099648065,-2.00122899940588,934,S 428,1,Worcestershire,London,,,Not found,,51.4893335,-0.1440551,52.3928099648065,-2.00122899940588,162.522782828833
Wast Hills,,,934,S 428,1,Worcestershire,London,52.389624,-1.9487923,Shire match,,51.4893335,-0.1440551,52.389624,-1.9487923,159.485887055132
Werstfelda,,,934,S 428,1,Worcestershire,London,,,Not found,Don't know!,51.4893335,-0.1440551,,,
Wirigenn (? Perry),,,996,S 877,1,Kent,London,,,Not found,"Need to consult Robertson, Charters: Robertson, A. J., Anglo-Saxon Charters, 2nd edn (Cambridge, 1956) pp. 336-51",51.4893335,-0.1440551,,,
Earnley,,,930,S 403,1,Sussex,Lyminster,50.7615064,-0.8368306,Shire match,,50.8339978,-0.5475421,50.7615064,-0.8368306,21.9319281694647
Medmerry,,,930,S 403,1,Sussex,Lyminster,50.7352691,-0.8105161,Shire match,,50.8339978,-0.5475421,50.7352691,-0.8105161,21.5536664368519
Chelworth in Crudwell,51.6464748052428,-2.04474589753047,885,S 356,1,Wiltshire,Malmesbury,,,Not found,,51.58447,-2.0982042,51.6464748052428,-2.04474589753047,7.82956347612238
(West) Meon,,,932,S 417,1,Hampshire,Milton,51.0111638,-1.0839794,Shire match,,52.2422961,0.1604726,51.0111638,-1.0839794,161.823448734746
Stanton St Bernard,,,903,S 368,1,Wiltshire,Milton,51.3649969,-1.8630506,Shire match,,52.2422961,0.1604726,51.3649969,-1.8630506,170.313687951127
Amounderness,,,934,S 407,1,Lancashire,Nottingham,53.8100187,-2.7238423,Shire match,,52.9534193,-1.1496461,53.8100187,-2.7238423,141.633029262852
Aston (? Aston Sutton),,,958,S 667,1,Cheshire,Penkridge,53.3094911,-2.6883742,Shire match,,52.7246633,-2.1127563,53.3094911,-2.6883742,75.6839402372412
Barrow (? Great Barrow),,,958,S 667,1,Cheshire,Penkridge,53.2094616,-2.7957028,Shire match,,52.7246633,-2.1127563,53.2094616,-2.7957028,70.8248010365204
Cheavely,53.1498144938075,-2.8680911732311,958,S 667,1,Cheshire,Penkridge,,,Not found,Placed at Cheavely Hall Farm,52.7246633,-2.1127563,53.1498144938075,-2.8680911732311,69.4081818758321
Hoseley,53.0792200981437,-2.94394632098067,958,S 667,1,Cheshire,Penkridge,,,Not found,"Quite unsure, placed at Hoseley Bank Farm",52.7246633,-2.1127563,53.0792200981437,-2.94394632098067,68.4464051388999
Huntington,,,958,S 667,1,Cheshire,Penkridge,53.1634849,-2.8648306,Shire match,,52.7246633,-2.1127563,53.1634849,-2.8648306,70.2904227956628
Upton,,,958,S 667,1,Cheshire,Penkridge,53.2116132,-2.8856715,Shire match,,52.7246633,-2.1127563,53.2116132,-2.8856715,75.0544330503625
Hypeles eald land (Treable in Cheriton Bishop),50.7219418768027,-3.81486496005682,976,S 830,1,Devonshire,Puddletown,,,Not found,"Quite unsure, placed at the end of Treable Lane",50.7489205,-2.3468411,50.7219418768027,-3.81486496005682,103.678560876541
Caughley in Barrow,52.6019997292052,-2.49057073276089,901,S 221,1,Shropshire,Shrewsbury,,,Not found,"Quite unsure, placed between Caughley Close and Church of St Giles, Barrow",52.707755,-2.7540658,52.6019997292052,-2.49057073276089,21.3644972724413
Easthope,,,901,S 221,1,Shropshire,Shrewsbury,52.5535522,-2.640828,Shire match,,52.707755,-2.7540658,52.5535522,-2.640828,18.7945935641102
Patton,,,901,S 221,1,Shropshire,Shrewsbury,52.5514734,-2.6131182,Shire match,,52.707755,-2.7540658,52.5514734,-2.6131182,19.8374315563393
Stanton Long,,,901,S 221,1,Shropshire,Shrewsbury,52.5119182,-2.6309747,Shire match,,52.707755,-2.7540658,52.5119182,-2.6309747,23.333239853963
Suthtone (? Sutton Maddock),52.6117723536974,-2.41136169154501,949,S 549,1,Shropshire,Somerton,,,Not found,,51.06161,-2.7548573,52.6117723536974,-2.41136169154501,174.094510564156
Hardwell in Compton Beauchamp,51.5795932181638,-1.5932423455011,903,S 369,1,Berkshire,Southampton,,,Not found,,50.9025349,-1.404189,51.5795932181638,-1.5932423455011,76.472846345269
Worthy,,,900,S 360,1,Hampshire,Southampton,51.1033985,-1.3008489,Shire match,,50.9025349,-1.404189,51.1033985,-1.3008489,23.4935956111822
Farnborough,,,1042,S 993,1,Berkshire,Sutton Courtenay,51.5367279,-1.3748299,Shire match,,51.6397508,-1.2777309,51.5367279,-1.3748299,13.2917619211587
Downton,50.993,-1.743,"997, 1051",S 891,1,Wiltshire,"Wantage, Calne",50.9927562,-1.7517519,Shire match,,missing value,missing value,50.993,-1.743,
Ebbesborne,51.017,-2.013,997, S 891,1,Wiltshire,"Wantage, Calne",51.0074719,-2.0135706,Shire match,,missing value,missing value,51.017,-2.013,
Farnborough,51.2998205472259,-0.760720089598009,915,S 225,1,"Berkshire, Warwickshire",Weardburg,,,Not found,,missing value,missing value,51.2998205472259,-0.760720089598009,
Aldenham,,,1066,S 1043,1,Hertfordshire,Westminster,51.6735426,-0.3520014,Shire match,,51.5004439,-0.1265398,51.6735426,-0.3520014,24.8009195328193
Amersham,,,1066,S 1043,1,Buckinghamshire,Westminster,51.676685,-0.607692,Shire match,,51.5004439,-0.1265398,51.676685,-0.607692,38.6844138955394
Ashwell,,,1066,S 1043,1,Hertfordshire,Westminster,52.0402221,-0.1550213,Shire match,,51.5004439,-0.1265398,52.0402221,-0.1550213,60.0895033842304
Ayot (St Lawrence),,,1066,S 1043,1,Hertfordshire,Westminster,51.8350966,-0.2580284,Shire match,,51.5004439,-0.1265398,51.8350966,-0.2580284,38.3289909749289
Brickendon,,,998,S 894,1,Hertfordshire,Westminster,51.7553812,-0.0849622,Shire match,,51.5004439,-0.1265398,51.7553812,-0.0849622,28.5101357255013
Chollington in Eastbourne,50.7934231344691,0.289955440286104,1066,S 1043,1,Sussex,Westminster,,,Not found,"Quite unsure, based on Eastbourne",51.5004439,-0.1265398,50.7934231344691,0.289955440286104,83.8822920359727
Claygate,,,1066,S 1043,1,Surrey,Westminster,51.3602657,-0.3375054,Shire match,,51.5004439,-0.1265398,51.3602657,-0.3375054,21.4123848954048
Cowley Peachey,51.5209716608662,-0.480658695199349,998,S 894,1,Middlesex,Westminster,,,Not found,,51.5004439,-0.1265398,51.5209716608662,-0.480658695199349,24.6902691269549
Datchworth,,,1066,S 1043,1,Hertfordshire,Westminster,51.8531384,-0.1586845,Shire match,,51.5004439,-0.1265398,51.8531384,-0.1586845,39.3041570544176
Deene,,,1066,S 1043,1,Northamptonshire,Westminster,52.519851,-0.6209055,Shire match,,51.5004439,-0.1265398,52.519851,-0.6209055,118.396377557614
Deerhurst,,,1066,S 1043,1,Gloucestershire,Westminster,51.9528346,-2.186237,Shire match,,51.5004439,-0.1265398,51.9528346,-2.186237,150.948231130494
Denham,,,1066,S 1043,1,Buckinghamshire,Westminster,51.5729922,-0.4998008,Shire match,,51.5004439,-0.1265398,51.5729922,-0.4998008,27.1272316871162
Fanton (Hall) in North Benfleet,51.5947407040119,0.544328848311201,1066,S 1043,1,Essex,Westminster,,,Not found,,51.5004439,-0.1265398,51.5947407040119,0.544328848311201,47.704675136536
Greenford,,,1066,S 1043,1,Middlesex,Westminster,51.5485482,-0.3446914,No shire match,,51.5004439,-0.1265398,51.5485482,-0.3446914,16.0585345538259
Hampstead,51.5555124108486,-0.180700121264648,998,S 894,1,Middlesex,Westminster,,,Not found,,51.5004439,-0.1265398,51.5555124108486,-0.180700121264648,7.18785615287356
Hampstead,51.5555124108486,-0.180700121264648,1066,S 1043,1,Middlesex,Westminster,,,Not found,,51.5004439,-0.1265398,51.5555124108486,-0.180700121264648,7.18785615287356
Hanwell,51.5086501372808,-0.337417882145305,998,S 894,1,Hertfordshire,Westminster,,,Not found,"Now in London, not found in Hertfordshire",51.5004439,-0.1265398,51.5086501372808,-0.337417882145305,14.6704585165427
Hendon,51.5847277584855,-0.228208807008072,998,S 894,1,Middlesex,Westminster,,,Not found,,51.5004439,-0.1265398,51.5847277584855,-0.228208807008072,11.7338751839048
Hendon,51.5847277584855,-0.228208807008072,1066,S 1043,1,Middlesex,Westminster,,,Not found,,51.5004439,-0.1265398,51.5847277584855,-0.228208807008072,11.7338751839048
Holwell,,,1066,S 1043,1,Hertfordshire,Westminster,51.985701,-0.3039795,Shire match,,51.5004439,-0.1265398,51.985701,-0.3039795,55.3644099368895
Islip,,,1066,S 1043,1,Oxfordshire,Westminster,51.8231826,-1.2364036,Shire match,,51.5004439,-0.1265398,51.8231826,-1.2364036,84.7753769602539
Kelvedon,,,1066,S 1043,1,Essex,Westminster,51.8391963,0.6852534,Shire match,,51.5004439,-0.1265398,51.8391963,0.6852534,67.635573630421
Kelvedon Hatch,,,1066,S 1043,1,Essex,Westminster,51.6660298,0.2744584,Shire match,,51.5004439,-0.1265398,51.6660298,0.2744584,33.3459254490721
Latchingdon,,,1066,S 1043,1,Essex,Westminster,51.6597817,0.724805,Shire match,,51.5004439,-0.1265398,51.6597817,0.724805,61.6189040618039
Launton,,,1066,S 1043,1,Oxfordshire,Westminster,51.8976897,-1.115968,Shire match,,51.5004439,-0.1265398,51.8976897,-1.115968,81.4418417346338
Lessness,,,1066,S 1043,1,Kent,Westminster,51.4828537,0.1494032,Shire match,,51.5004439,-0.1265398,51.4828537,0.1494032,19.2647771703279
Leyton,,,1066,S 1043,1,Essex,Westminster,51.816036,1.1578943,Shire match,,51.5004439,-0.1265398,51.816036,1.1578943,95.5652361993481
"Lothereslege (lost,  in Hendon)",51.5847277584855,-0.228208807008072,998,S 894,1,Middlesex,Westminster,,,Not found,Based on Hendon,51.5004439,-0.1265398,51.5847277584855,-0.228208807008072,11.7338751839048
Mapulderforde (? Maplestead),51.9801700248421,0.631507978379611,1066,S 1043,1,Essex,Westminster,,,Not found,C12 church with framgentary AS stonework https://historicengland.org.uk/listing/the-list/list-entry/1337989?section=official-list-entry,51.5004439,-0.1265398,51.9801700248421,0.631507978379611,74.770289864655
Morden,,,1066,S 1043,1,Surrey,Westminster,51.3026901,-0.2280833,Shire match,,51.5004439,-0.1265398,51.3026901,-0.2280833,23.1082356756608
Moulsham,,,1066,S 1043,1,Essex,Westminster,51.7265808,0.4712557,Shire match,,51.5004439,-0.1265398,51.7265808,0.4712557,48.4523191773217
Paddington,51.5173388056157,-0.174565254309231,998,S 894,1,Middlesex,Westminster,,,Not found,,51.5004439,-0.1265398,51.5173388056157,-0.174565254309231,3.82760487283099
Paglesham,,,1066,S 1043,1,Essex,Westminster,51.5996413,0.7958937,Shire match,,51.5004439,-0.1265398,51.5996413,0.7958937,64.9284918340624
Parham,,,1066,S 1043,1,Sussex,Westminster,50.9194442,-0.5010893,Shire match,,51.5004439,-0.1265398,50.9194442,-0.5010893,69.735493775342
Pershore,,,1066,S 1043,1,Worcestershire,Westminster,52.1096993,-2.0754758,Shire match,,51.5004439,-0.1265398,52.1096993,-2.0754758,150.547217318661
Perton,,,1066,S 1043,1,Staffordshire,Westminster,52.5957196,-2.2033801,Shire match,,51.5004439,-0.1265398,52.5957196,-2.2033801,187.477376845273
Rayne,,,1066,S 1043,1,Essex,Westminster,51.8879146,0.4944322,Shire match,,51.5004439,-0.1265398,51.8879146,0.4944322,60.8446145716305
Rutland (shire),52.6583601787799,-0.706220337511871,1066,S 1043,1,Rutland,Westminster,,,Not found,Norman church https://historicengland.org.uk/listing/heritage-at-risk/search-register/list-entry/21021,51.5004439,-0.1265398,52.6583601787799,-0.706220337511871,134.828613907574
Shepperton,51.3958628572935,-0.448657881693665,998,S 894,1,Middlesex,Westminster,,,Not found,,51.5004439,-0.1265398,51.3958628572935,-0.448657881693665,25.2357885936862
Shepperton,51.3958628572935,-0.448657881693665,1066,S 1043,1,Middlesex,Westminster,,,Not found,,51.5004439,-0.1265398,51.3958628572935,-0.448657881693665,25.2357885936862
Staines,51.4335869171108,-0.512757986113182,1066,S 1043,1,Middlesex,Westminster,,,Not found,Presumably Staines-upon-Thames,51.5004439,-0.1265398,51.4335869171108,-0.512757986113182,27.8502065486527
Stevenage,,,1066,S 1043,1,Hertfordshire,Westminster,51.9016663,-0.2027155,Shire match,,51.5004439,-0.1265398,51.9016663,-0.2027155,44.950235182536
Sudborough,,,1066,S 1043,1,Northamptonshire,Westminster,52.4361016,-0.5857794,Shire match,,51.5004439,-0.1265398,52.4361016,-0.5857794,108.786085642051
Sullington,,,998,S 894,1,Sussex,Westminster,50.9073361,-0.4380748,Shire match,,51.5004439,-0.1265398,50.9073361,-0.4380748,69.4838083172959
Sunbury,51.418425405523,-0.418716863744567,1066,S 1043,1,Middlesex,Westminster,,,Not found,"Sunbury on Thames, presumably",51.5004439,-0.1265398,51.418425405523,-0.418716863744567,22.2629442070065
Wanstead,51.5773526576279,0.0240995575939175,1066,S 1043,1,Essex,Westminster,,,Not found,,51.5004439,-0.1265398,51.5773526576279,0.0240995575939175,13.507525853114
Watton-at-Stone,,,1066,S 1043,1,Hertfordshire,Westminster,51.8585119,-0.1165373,Shire match,,51.5004439,-0.1265398,51.8585119,-0.1165373,39.8451015884274
Weedon,,,1066,S 1043,1,Buckinghamshire,Westminster,51.8559075,-0.8191189,Shire match,,51.5004439,-0.1265398,51.8559075,-0.8191189,62.1208898920205
Wennington,,,1066,S 1043,1,Essex,Westminster,51.5065473,0.2171623,Shire match,,51.5004439,-0.1265398,51.5065473,0.2171623,23.8746624166562
West Chiltington,,,1066,S 1043,1,Sussex,Westminster,50.9558921,-0.44852,Shire match,,51.5004439,-0.1265398,50.9558921,-0.44852,64.6228416895944
Westminster (town),51.4977204626379,-0.135190710466981,998,S 894,1,Middlesex,Westminster,,,Not found,,51.5004439,-0.1265398,51.4977204626379,-0.135190710466981,0.672825897775395
Westminster (town),51.4977204626379,-0.135190710466981,1066,S 1043,1,Middlesex,Westminster,,,Not found,,51.5004439,-0.1265398,51.4977204626379,-0.135190710466981,0.672825897775395
Wheathampstead,,,1066,S 1043,1,Hertfordshire,Westminster,51.8126524,-0.2936637,Shire match,,51.5004439,-0.1265398,51.8126524,-0.2936637,36.6112720043033
Windsor,,,1066,S 1043,1,Berkshire,Westminster,51.4837886,-0.6040419,No shire match,,51.5004439,-0.1265398,51.4837886,-0.6040419,33.2153826019739
Wormley,,,1066,S 1043,1,Hertfordshire,Westminster,51.7328989,-0.0244303,Shire match,,51.5004439,-0.1265398,51.7328989,-0.0244303,26.8125197385916
Collingbourne,,,933,S 379,1,Wiltshire,Wilton,51.2759545,-1.6369214,Shire match,,51.0805315,-1.8607051,51.2759545,-1.6369214,26.7873380968811
Abbots Bromley,,,942,S 479,1,Staffordshire,Winchcombe,52.8191473,-1.8808933,Shire match,,51.9527513,-1.9675136,52.8191473,-1.8808933,96.5881278707839
Branston,,,942,S 479,1,Staffordshire,Winchcombe,52.7934552,-1.6683022,Shire match,,51.9527513,-1.9675136,52.7934552,-1.6683022,95.742373450331
Clifton,,,942,S 479,1,Staffordshire,Winchcombe,52.9837457,-1.9878022,Shire match,,51.9527513,-1.9675136,52.9837457,-1.9878022,114.733448158695
Haunton,,,942,S 479,1,Staffordshire,Winchcombe,52.6953683,-1.6497353,Shire match,,51.9527513,-1.9675136,52.6953683,-1.6497353,85.4266040928035
Kings Bromley,,,942,S 479,1,Staffordshire,Winchcombe,52.7489467,-1.8210198,Shire match,,51.9527513,-1.9675136,52.7489467,-1.8210198,89.156360408298
Rolleston,,,942,S 479,1,Staffordshire,Winchcombe,52.8462987,-1.650868,Shire match,,51.9527513,-1.9675136,52.8462987,-1.650868,101.73819589573
Stretton,,,942,S 479,1,Staffordshire,Winchcombe,52.8339891,-1.6263284,Shire match,,51.9527513,-1.9675136,52.8339891,-1.6263284,100.772315719775
Tatenhill,,,942,S 479,1,Staffordshire,Winchcombe,52.8010891,-1.7346016,Shire match,,51.9527513,-1.9675136,52.8010891,-1.7346016,95.7214806251066
Derantune (? Durrington),50.8375932898092,-0.426649057247506,934,S 425,1,Sussex,Winchester,,,Not found,Quite unsure of this one,51.0612766,-1.3131692,50.8375932898092,-0.426649057247506,67.0846248122301
Hurstbourne Priors,,,900,S 358,1,Hampshire,Winchester,51.2159726,-1.3754484,Shire match,,51.0612766,-1.3131692,51.2159726,-1.3754484,17.7534741293595
Sparcells in Lydiard Millicent,51.578686345954,-1.82991956890297,900,S 359,1,Wiltshire,Winchester,,,Not found,,51.0612766,-1.3131692,51.578686345954,-1.82991956890297,67.9068695493549
Stoke by Hurstbourne,51.2647342191483,-1.42406985413766,900,S 359,1,Hampshire,Winchester,,,Not found,,51.0612766,-1.3131692,51.2647342191483,-1.42406985413766,23.9274236122244
Chisledon,51.518271953123,-1.73167165232962,900,S 359,1,Wiltshire,Winchester,,,Not found,Anglo-Saxon church https://historicengland.org.uk/listing/the-list/list-entry/1023312?section=official-list-entry,51.0612766,-1.3131692,51.518271953123,-1.73167165232962,58.6280666519567
Chisledon,51.518271953123,-1.73167165232962,901,S 366,1,Wiltshire,Southampton,,,Not found,Anglo-Saxon church https://historicengland.org.uk/listing/the-list/list-entry/1023312?section=official-list-entry,50.9025349,-1.404189,51.518271953123,-1.73167165232962,72.223351859699
(Bishops) Lydeard,,,1065,S 1042,1,Somerset,Windsor,51.0576845,-3.1873724,Shire match,,51.4837886,-0.6040419,51.0576845,-3.1873724,186.403520879454
(East) Wanstrow,51.1736498261318,-2.41426309247568,1065,S 1042,1,Somerset,Windsor,,,Not found,,51.4837886,-0.6040419,51.1736498261318,-2.41426309247568,130.802243467039
Binegar,,,1065,S 1042,1,Somerset,Windsor,51.2427853,-2.5514413,Shire match,,51.4837886,-0.6040419,51.2427853,-2.5514413,138.253041711537
Bleadney,,,1065,S 1042,1,Somerset,Windsor,51.203451,-2.7378454,Shire match,,51.4837886,-0.6040419,51.203451,-2.7378454,151.909086089091
Chew Magna,,,1065,S 1042,1,Somerset,Windsor,51.3660251,-2.6089889,Shire match,,51.4837886,-0.6040419,51.3660251,-2.6089889,140.06289091027
Combe St Nicholas,,,1065,S 1042,1,Somerset,Windsor,50.8973646,-2.9947914,Shire match,,51.4837886,-0.6040419,50.8973646,-2.9947914,179.407840385353
Congresbury,,,1065,S 1042,1,Somerset,Windsor,51.3720095,-2.8055631,Shire match,,51.4837886,-0.6040419,51.3720095,-2.8055631,153.614196290514
Evercreech,,,1065,S 1042,1,Somerset,Windsor,51.1520665,-2.5084975,Shire match,,51.4837886,-0.6040419,51.1520665,-2.5084975,137.801764478063
Kingsbury,,,1065,S 1042,1,Somerset,Windsor,50.9864772,-2.8072967,Shire match,,51.4837886,-0.6040419,50.9864772,-2.8072967,163.516511847047
Litton,,,1065,S 1042,1,Somerset,Windsor,51.2900131,-2.5820639,Shire match,,51.4837886,-0.6040419,51.2900131,-2.5820639,139.367557717529
Wedmore,,,1065,S 1042,1,Somerset,Windsor,51.2255001,-2.8114392,Shire match,,51.4837886,-0.6040419,51.2255001,-2.8114392,156.425462619487
Wells,,,1065,S 1042,1,Somerset,Windsor,51.2094511,-2.6451203,Shire match,,51.4837886,-0.6040419,51.2094511,-2.6451203,145.441972543802
Westbury,,,1065,S 1042,1,Somerset,Windsor,51.2386997,-2.7194147,Shire match,,51.4837886,-0.6040419,51.2386997,-2.7194147,149.834455673915
Winsham,,,1065,S 1042,1,Somerset,Windsor,50.8638639,-2.8790331,Shire match,,51.4837886,-0.6040419,50.8638639,-2.8790331,173.396806602481
Withycombe,,,1065,S 1042,1,Somerset,Windsor,51.1490711,-3.4234301,Shire match,,51.4837886,-0.6040419,51.1490711,-3.4234301,200.048138721613
Armingford,,,970,S 776,1,Cambridgeshire,Woolmer,52.0862689,0.0284027,Shire match,,51.0937792,-0.7481479,52.0862689,0.0284027,122.838737623249
Armingford,,,970,S 779,1,Cambridgeshire,Woolmer,52.0862689,0.0284027,Shire match,,51.0937792,-0.7481479,52.0862689,0.0284027,122.838737623249
Farleigh,,,898,S 350,1,Kent,Woolmer,51.4073813,0.8506409,Shire match,,51.0937792,-0.7481479,51.4073813,0.8506409,116.948174934471
Melbourn,,,970,S 776,1,Cambridgeshire,Woolmer,52.0817224,0.0186616,Shire match,,51.0937792,-0.7481479,52.0817224,0.0186616,122.090036580701
Melbourn,,,970,S 779,1,Cambridgeshire,Woolmer,52.0817224,0.0186616,Shire match,,51.0937792,-0.7481479,52.0817224,0.0186616,122.090036580701
Northwold,,,970,S 779,1,Norfolk,Woolmer,52.5431885,0.5773957,Shire match,,51.0937792,-0.7481479,52.5431885,0.5773957,185.361176804337
Ely,,,957,S 646,1,Cambridgeshire,Edington,52.3990199,0.262039,Shire match,,51.2784183236282,-2.1070989986437,52.3990199,0.262039,205.43295176144
Ely,,,970,S 776,1,Cambridgeshire,Woolmer,52.3990199,0.262039,Shire match,,51.0937792,-0.7481479,52.3990199,0.262039,161.110278282877
Watchfield,51.6121811699359,-1.64059343718275,931,S 413,1,Berkshire,Worthy,,,Not found,,51.1033985,-1.3008489,51.6121811699359,-1.64059343718275,61.3524069574376
