Location,Estate Lat (WIP),Estate Lon (WIP),Year of issue,Diplomas,Diploma authenticity (as in Notion),Category of diploma authenticity (quadripartite simplification),Beneficiary,Beneficiary: commu or person,Beneficiary person: lay or ecclesiastic,Diploma preserved at (archive),Num diplomas,Shire,Promulgation site,Lat (comp.),Lon (comp.),Predicted accuracy,Notes,Archive Lat,Archive Lon,Prom Lat,Prom Lon,Estate Lat,Estate Lon,Distance between estate and promulgation site,Distance between estate and archive,Int Estate Promulgation Distance
Hambledon,"50.9375440134","-1.0786395351","1049",S 1018,disputed suspicious (and/or opinions vary),likely spurious,Ælfwine,person,lay,"Winchester, Old Minster","1",Hampshire,Winchester,,,,,,,"51.0612766","-1.3131692","50.9375440134","-1.0786395351","21.4598938955",,
Banwell,"51.327","-2.864","1065",S 1042,disputed (probbaly spurious),likely spurious,"Wells, St Andrew's",community,,Wells,"1",Somerset,Windsor,"51.3279764","-2.8629427",Shire match,,,,"51.4837886","-0.6040419","51.327","-2.864","158.2153953568",,
(Bishops) Lydeard,,,"1065",S 1042,disputed (probbaly spurious),likely spurious,"Wells, St Andrew's",community,,Wells,"1",Somerset,Windsor,"51.0576845","-3.1873724",Shire match,,,,"51.4837886","-0.6040419","51.0576845","-3.1873724","186.4035208795",,
(East) Wanstrow,"51.1736498261","-2.4142630925","1065",S 1042,disputed (probbaly spurious),likely spurious,"Wells, St Andrew's",community,,Wells,"1",Somerset,Windsor,,,Not found,,,,"51.4837886","-0.6040419","51.1736498261","-2.4142630925","130.802243467",,
Binegar,,,"1065",S 1042,disputed (probbaly spurious),likely spurious,"Wells, St Andrew's",community,,Wells,"1",Somerset,Windsor,"51.2427853","-2.5514413",Shire match,,,,"51.4837886","-0.6040419","51.2427853","-2.5514413","138.2530417115",,
Bleadney,,,"1065",S 1042,disputed (probbaly spurious),likely spurious,"Wells, St Andrew's",community,,Wells,"1",Somerset,Windsor,"51.203451","-2.7378454",Shire match,,,,"51.4837886","-0.6040419","51.203451","-2.7378454","151.9090860891",,
Chew Magna,,,"1065",S 1042,disputed (probbaly spurious),likely spurious,"Wells, St Andrew's",community,,Wells,"1",Somerset,Windsor,"51.3660251","-2.6089889",Shire match,,,,"51.4837886","-0.6040419","51.3660251","-2.6089889","140.0628909103",,
Combe St Nicholas,,,"1065",S 1042,disputed (probbaly spurious),likely spurious,"Wells, St Andrew's",community,,Wells,"1",Somerset,Windsor,"50.8973646","-2.9947914",Shire match,,,,"51.4837886","-0.6040419","50.8973646","-2.9947914","179.4078403854",,
Congresbury,,,"1065",S 1042,disputed (probbaly spurious),likely spurious,"Wells, St Andrew's",community,,Wells,"1",Somerset,Windsor,"51.3720095","-2.8055631",Shire match,,,,"51.4837886","-0.6040419","51.3720095","-2.8055631","153.6141962905",,
Evercreech,,,"1065",S 1042,disputed (probbaly spurious),likely spurious,"Wells, St Andrew's",community,,Wells,"1",Somerset,Windsor,"51.1520665","-2.5084975",Shire match,,,,"51.4837886","-0.6040419","51.1520665","-2.5084975","137.8017644781",,
Kingsbury,,,"1065",S 1042,disputed (probbaly spurious),likely spurious,"Wells, St Andrew's",community,,Wells,"1",Somerset,Windsor,"50.9864772","-2.8072967",Shire match,,,,"51.4837886","-0.6040419","50.9864772","-2.8072967","163.516511847",,
Litton,,,"1065",S 1042,disputed (probbaly spurious),likely spurious,"Wells, St Andrew's",community,,Wells,"1",Somerset,Windsor,"51.2900131","-2.5820639",Shire match,,,,"51.4837886","-0.6040419","51.2900131","-2.5820639","139.3675577175",,
Wedmore,,,"1065",S 1042,disputed (probbaly spurious),likely spurious,"Wells, St Andrew's",community,,Wells,"1",Somerset,Windsor,"51.2255001","-2.8114392",Shire match,,,,"51.4837886","-0.6040419","51.2255001","-2.8114392","156.4254626195",,
Wells,,,"1065",S 1042,disputed (probbaly spurious),likely spurious,"Wells, St Andrew's",community,,Wells,"1",Somerset,Windsor,"51.2094511","-2.6451203",Shire match,,,,"51.4837886","-0.6040419","51.2094511","-2.6451203","145.4419725438",,
Westbury,,,"1065",S 1042,disputed (probbaly spurious),likely spurious,"Wells, St Andrew's",community,,Wells,"1",Somerset,Windsor,"51.2386997","-2.7194147",Shire match,,,,"51.4837886","-0.6040419","51.2386997","-2.7194147","149.8344556739",,
Winsham,,,"1065",S 1042,disputed (probbaly spurious),likely spurious,"Wells, St Andrew's",community,,Wells,"1",Somerset,Windsor,"50.8638639","-2.8790331",Shire match,,,,"51.4837886","-0.6040419","50.8638639","-2.8790331","173.3968066025",,
Withycombe,,,"1065",S 1042,disputed (probbaly spurious),likely spurious,"Wells, St Andrew's",community,,Wells,"1",Somerset,Windsor,"51.1490711","-3.4234301",Shire match,,,,"51.4837886","-0.6040419","51.1490711","-3.4234301","200.0481387216",,
Aldenham,,,"1066",S 1043,spurious,spurious,Westminster abbey,community,,Westminster,"1",Hertfordshire,Westminster,"51.6735426","-0.3520014",Shire match,,,,"51.5004439","-0.1265398","51.6735426","-0.3520014","24.8009195328",,
Amersham,,,"1066",S 1043,spurious,spurious,Westminster abbey,community,,Westminster,"1",Buckinghamshire,Westminster,"51.676685","-0.607692",Shire match,,,,"51.5004439","-0.1265398","51.676685","-0.607692","38.6844138955",,
Ashwell,,,"1066",S 1043,spurious,spurious,Westminster abbey,community,,Westminster,"1",Hertfordshire,Westminster,"52.0402221","-0.1550213",Shire match,,,,"51.5004439","-0.1265398","52.0402221","-0.1550213","60.0895033842",,
Ayot (St Lawrence),,,"1066",S 1043,spurious,spurious,Westminster abbey,community,,Westminster,"1",Hertfordshire,Westminster,"51.8350966","-0.2580284",Shire match,,,,"51.5004439","-0.1265398","51.8350966","-0.2580284","38.3289909749",,
Chollington in Eastbourne,"50.7934231345","0.2899554403","1066",S 1043,spurious,spurious,Westminster abbey,community,,Westminster,"1",Sussex,Westminster,,,Not found,"Quite unsure, based on Eastbourne",,,"51.5004439","-0.1265398","50.7934231345","0.2899554403","83.882292036",,
Claygate,,,"1066",S 1043,spurious,spurious,Westminster abbey,community,,Westminster,"1",Surrey,Westminster,"51.3602657","-0.3375054",Shire match,,,,"51.5004439","-0.1265398","51.3602657","-0.3375054","21.4123848954",,
Datchworth,,,"1066",S 1043,spurious,spurious,Westminster abbey,community,,Westminster,"1",Hertfordshire,Westminster,"51.8531384","-0.1586845",Shire match,,,,"51.5004439","-0.1265398","51.8531384","-0.1586845","39.3041570544",,
Deene,,,"1066",S 1043,spurious,spurious,Westminster abbey,community,,Westminster,"1",Northamptonshire,Westminster,"52.519851","-0.6209055",Shire match,,,,"51.5004439","-0.1265398","52.519851","-0.6209055","118.3963775576",,
Deerhurst,,,"1066",S 1043,spurious,spurious,Westminster abbey,community,,Westminster,"1",Gloucestershire,Westminster,"51.9528346","-2.186237",Shire match,,,,"51.5004439","-0.1265398","51.9528346","-2.186237","150.9482311305",,
Denham,,,"1066",S 1043,spurious,spurious,Westminster abbey,community,,Westminster,"1",Buckinghamshire,Westminster,"51.5729922","-0.4998008",Shire match,,,,"51.5004439","-0.1265398","51.5729922","-0.4998008","27.1272316871",,
Fanton (Hall) in North Benfleet,"51.594740704","0.5443288483","1066",S 1043,spurious,spurious,Westminster abbey,community,,Westminster,"1",Essex,Westminster,,,Not found,,,,"51.5004439","-0.1265398","51.594740704","0.5443288483","47.7046751365",,
Greenford,,,"1066",S 1043,spurious,spurious,Westminster abbey,community,,Westminster,"1",Middlesex,Westminster,"51.5485482","-0.3446914",No shire match,,,,"51.5004439","-0.1265398","51.5485482","-0.3446914","16.0585345538",,
Hampstead,"51.5555124108","-0.1807001213","1066",S 1043,spurious,spurious,Westminster abbey,community,,Westminster,"1",Middlesex,Westminster,,,Not found,,,,"51.5004439","-0.1265398","51.5555124108","-0.1807001213","7.1878561529",,
Hendon,"51.5847277585","-0.228208807","1066",S 1043,spurious,spurious,Westminster abbey,community,,Westminster,"1",Middlesex,Westminster,,,Not found,,,,"51.5004439","-0.1265398","51.5847277585","-0.228208807","11.7338751839",,
Holwell,,,"1066",S 1043,spurious,spurious,Westminster abbey,community,,Westminster,"1",Hertfordshire,Westminster,"51.985701","-0.3039795",Shire match,,,,"51.5004439","-0.1265398","51.985701","-0.3039795","55.3644099369",,
Islip,,,"1066",S 1043,spurious,spurious,Westminster abbey,community,,Westminster,"1",Oxfordshire,Westminster,"51.8231826","-1.2364036",Shire match,,,,"51.5004439","-0.1265398","51.8231826","-1.2364036","84.7753769603",,
Kelvedon,,,"1066",S 1043,spurious,spurious,Westminster abbey,community,,Westminster,"1",Essex,Westminster,"51.8391963","0.6852534",Shire match,,,,"51.5004439","-0.1265398","51.8391963","0.6852534","67.6355736304",,
Kelvedon Hatch,,,"1066",S 1043,spurious,spurious,Westminster abbey,community,,Westminster,"1",Essex,Westminster,"51.6660298","0.2744584",Shire match,,,,"51.5004439","-0.1265398","51.6660298","0.2744584","33.3459254491",,
Latchingdon,,,"1066",S 1043,spurious,spurious,Westminster abbey,community,,Westminster,"1",Essex,Westminster,"51.6597817","0.724805",Shire match,,,,"51.5004439","-0.1265398","51.6597817","0.724805","61.6189040618",,
Launton,,,"1066",S 1043,spurious,spurious,Westminster abbey,community,,Westminster,"1",Oxfordshire,Westminster,"51.8976897","-1.115968",Shire match,,,,"51.5004439","-0.1265398","51.8976897","-1.115968","81.4418417346",,
Lessness,,,"1066",S 1043,spurious,spurious,Westminster abbey,community,,Westminster,"1",Kent,Westminster,"51.4828537","0.1494032",Shire match,,,,"51.5004439","-0.1265398","51.4828537","0.1494032","19.2647771703",,
Leyton,,,"1066",S 1043,spurious,spurious,Westminster abbey,community,,Westminster,"1",Essex,Westminster,"51.816036","1.1578943",Shire match,,,,"51.5004439","-0.1265398","51.816036","1.1578943","95.5652361993",,
Mapulderforde (? Maplestead),"51.9801700248","0.6315079784","1066",S 1043,spurious,spurious,Westminster abbey,community,,Westminster,"1",Essex,Westminster,,,Not found,C12 church with framgentary AS stonework https://historicengland.org.uk/listing/the-list/list-entry/1337989?section=official-list-entry,,,"51.5004439","-0.1265398","51.9801700248","0.6315079784","74.7702898647",,
Morden,,,"1066",S 1043,spurious,spurious,Westminster abbey,community,,Westminster,"1",Surrey,Westminster,"51.3026901","-0.2280833",Shire match,,,,"51.5004439","-0.1265398","51.3026901","-0.2280833","23.1082356757",,
Moulsham,,,"1066",S 1043,spurious,spurious,Westminster abbey,community,,Westminster,"1",Essex,Westminster,"51.7265808","0.4712557",Shire match,,,,"51.5004439","-0.1265398","51.7265808","0.4712557","48.4523191773",,
Paglesham,,,"1066",S 1043,spurious,spurious,Westminster abbey,community,,Westminster,"1",Essex,Westminster,"51.5996413","0.7958937",Shire match,,,,"51.5004439","-0.1265398","51.5996413","0.7958937","64.9284918341",,
Parham,,,"1066",S 1043,spurious,spurious,Westminster abbey,community,,Westminster,"1",Sussex,Westminster,"50.9194442","-0.5010893",Shire match,,,,"51.5004439","-0.1265398","50.9194442","-0.5010893","69.7354937753",,
Pershore,,,"1066",S 1043,spurious,spurious,Westminster abbey,community,,Westminster,"1",Worcestershire,Westminster,"52.1096993","-2.0754758",Shire match,,,,"51.5004439","-0.1265398","52.1096993","-2.0754758","150.5472173187",,
Perton,,,"1066",S 1043,spurious,spurious,Westminster abbey,community,,Westminster,"1",Staffordshire,Westminster,"52.5957196","-2.2033801",Shire match,,,,"51.5004439","-0.1265398","52.5957196","-2.2033801","187.4773768453",,
Rayne,,,"1066",S 1043,spurious,spurious,Westminster abbey,community,,Westminster,"1",Essex,Westminster,"51.8879146","0.4944322",Shire match,,,,"51.5004439","-0.1265398","51.8879146","0.4944322","60.8446145716",,
Rutland (shire),"52.6583601788","-0.7062203375","1066",S 1043,spurious,spurious,Westminster abbey,community,,Westminster,"1",Rutland,Westminster,,,Not found,Norman church https://historicengland.org.uk/listing/heritage-at-risk/search-register/list-entry/21021,,,"51.5004439","-0.1265398","52.6583601788","-0.7062203375","134.8286139076",,
Shepperton,"51.3958628573","-0.4486578817","1066",S 1043,spurious,spurious,Westminster abbey,community,,Westminster,"1",Middlesex,Westminster,,,Not found,,,,"51.5004439","-0.1265398","51.3958628573","-0.4486578817","25.2357885937",,
Staines,"51.4335869171","-0.5127579861","1066",S 1043,spurious,spurious,Westminster abbey,community,,Westminster,"1",Middlesex,Westminster,,,Not found,Presumably Staines-upon-Thames,,,"51.5004439","-0.1265398","51.4335869171","-0.5127579861","27.8502065487",,
Stevenage,,,"1066",S 1043,spurious,spurious,Westminster abbey,community,,Westminster,"1",Hertfordshire,Westminster,"51.9016663","-0.2027155",Shire match,,,,"51.5004439","-0.1265398","51.9016663","-0.2027155","44.9502351825",,
Sudborough,,,"1066",S 1043,spurious,spurious,Westminster abbey,community,,Westminster,"1",Northamptonshire,Westminster,"52.4361016","-0.5857794",Shire match,,,,"51.5004439","-0.1265398","52.4361016","-0.5857794","108.7860856421",,
Sunbury,"51.4184254055","-0.4187168637","1066",S 1043,spurious,spurious,Westminster abbey,community,,Westminster,"1",Middlesex,Westminster,,,Not found,"Sunbury on Thames, presumably",,,"51.5004439","-0.1265398","51.4184254055","-0.4187168637","22.262944207",,
Wanstead,"51.5773526576","0.0240995576","1066",S 1043,spurious,spurious,Westminster abbey,community,,Westminster,"1",Essex,Westminster,,,Not found,,,,"51.5004439","-0.1265398","51.5773526576","0.0240995576","13.5075258531",,
Watton-at-Stone,,,"1066",S 1043,spurious,spurious,Westminster abbey,community,,Westminster,"1",Hertfordshire,Westminster,"51.8585119","-0.1165373",Shire match,,,,"51.5004439","-0.1265398","51.8585119","-0.1165373","39.8451015884",,
Weedon,,,"1066",S 1043,spurious,spurious,Westminster abbey,community,,Westminster,"1",Buckinghamshire,Westminster,"51.8559075","-0.8191189",Shire match,,,,"51.5004439","-0.1265398","51.8559075","-0.8191189","62.120889892",,
Wennington,,,"1066",S 1043,spurious,spurious,Westminster abbey,community,,Westminster,"1",Essex,Westminster,"51.5065473","0.2171623",Shire match,,,,"51.5004439","-0.1265398","51.5065473","0.2171623","23.8746624167",,
West Chiltington,,,"1066",S 1043,spurious,spurious,Westminster abbey,community,,Westminster,"1",Sussex,Westminster,"50.9558921","-0.44852",Shire match,,,,"51.5004439","-0.1265398","50.9558921","-0.44852","64.6228416896",,
Westminster (town),"51.4977204626","-0.1351907105","1066",S 1043,spurious,spurious,Westminster abbey,community,,Westminster,"1",Middlesex,Westminster,,,Not found,,,,"51.5004439","-0.1265398","51.4977204626","-0.1351907105","0.6728258978",,
Wheathampstead,,,"1066",S 1043,spurious,spurious,Westminster abbey,community,,Westminster,"1",Hertfordshire,Westminster,"51.8126524","-0.2936637",Shire match,,,,"51.5004439","-0.1265398","51.8126524","-0.2936637","36.6112720043",,
Windsor,,,"1066",S 1043,spurious,spurious,Westminster abbey,community,,Westminster,"1",Berkshire,Westminster,"51.4837886","-0.6040419",No shire match,,,,"51.5004439","-0.1265398","51.4837886","-0.6040419","33.215382602",,
Wormley,,,"1066",S 1043,spurious,spurious,Westminster abbey,community,,Westminster,"1",Hertfordshire,Westminster,"51.7328989","-0.0244303",Shire match,,,,"51.5004439","-0.1265398","51.7328989","-0.0244303","26.8125197386",,
Walden,,,"888",S 220,authentic basis,likely authentic,Wulfgar 2,person,lay,St Alban's,"1",Hertfordshire,Droitwich,"51.8811097","-0.2760921",Shire match,,,,"52.26851","-2.1486075","51.8811097","-0.2760921","135.4245521351",,
Caughley in Barrow,"52.6019997292","-2.4905707328","901",S 221,authentic,authentic,Much Wenlock,community,,Much Wenlock,"1",Shropshire,Shrewsbury,,,Not found,"Quite unsure, placed between Caughley Close and Church of St Giles, Barrow",,,"52.707755","-2.7540658","52.6019997292","-2.4905707328","21.3644972724",,
Stanton Long,,,"901",S 221,authentic,authentic,Much Wenlock,community,,Much Wenlock,"1",Shropshire,Shrewsbury,"52.5119182","-2.6309747",Shire match,,,,"52.707755","-2.7540658","52.5119182","-2.6309747","23.333239854",,
Easthope,,,"901",S 221,authentic,authentic,,,,,"1",Shropshire,Shrewsbury,"52.5535522","-2.640828",Shire match,"CONSIDER REMOVING: WAS NOT DONATED BY MONARCH, WAS RECEIVED BY MONARCH IN EXCHANGE FOR ANOTHER PROPRETY",,,"52.707755","-2.7540658","52.5535522","-2.640828","18.7945935641",,
Patton,,,"901",S 221,authentic,authentic,,,,,"1",Shropshire,Shrewsbury,"52.5514734","-2.6131182",Shire match,"CONSIDER REMOVING: WAS NOT DONATED BY MONARCH, WAS RECEIVED BY MONARCH IN EXCHANGE FOR ANOTHER PROPRETY",,,"52.707755","-2.7540658","52.5514734","-2.6131182","19.8374315563",,
Farnborough,"51.2998205472","-0.7607200896","915",S 225,authentic basis (details probably altered),likely authentic,Eadric 7,person,lay,Abingdon,"1","Berkshire, Warwickshire",Weardburg,,,Not found,,,,"53.3364036722","-3.3365855251","51.2998205472","-0.7607200896","286.6793275314",,
Cyricestun (? Somerset),,,"882",S 345,authentic (later copy some contamination possible),likely authentic,Æthelstan 9,person,lay,"Winchester, Old Minster","1",Somerset,Epsom,,,Not found,,,,"51.3326098","-0.2678212",,,,,
Farleigh,,,"898",S 350,probably authentic,likely authentic,Sigehelm 4,person,lay,"Canterbury, Christ Church","1",Kent,Woolmer,"51.4073813","0.8506409",Shire match,,,,"51.0937792","-0.7481479","51.4073813","0.8506409","116.9481749345",,
Chelworth in Crudwell,"51.6464748052","-2.0447458975","885",S 356,authentic (later copy some contamination possible),likely authentic,Dudig 1,person,lay,Malmesbury,"1",Wiltshire,Malmesbury,,,Not found,,,,"51.58447","-2.0982042","51.6464748052","-2.0447458975","7.8295634761",,
Hurstbourne Priors,,,"900",S 358,disputed (probably spurious),likely spurious,"Winchester, Old Minster",community,,"Winchester, Old Minster","1",Hampshire,Winchester,"51.2159726","-1.3754484",Shire match,,,,"51.0612766","-1.3131692","51.2159726","-1.3754484","17.7534741294",,
Sparcells in Lydiard Millicent,"51.578686346","-1.8299195689","900",S 359,disputed suspicious (and/or opinions vary),likely authentic,"Winchester, Old Minster",community,,"Winchester, Old Minster","1",Wiltshire,Winchester,,,Not found,,,,"51.0612766","-1.3131692","51.578686346","-1.8299195689","67.9068695494",,
Stoke by Hurstbourne,"51.2647342191","-1.4240698541","900",S 359,disputed suspicious (and/or opinions vary),likely authentic,"Winchester, Old Minster",community,,"Winchester, Old Minster","1",Hampshire,Winchester,,,Not found,,,,"51.0612766","-1.3131692","51.2647342191","-1.4240698541","23.9274236122",,
Chisledon,"51.5182719531","-1.7316716523","900",S 359,disputed suspicious (and/or opinions vary),likely authentic,"Winchester, Old Minster",community,,"Winchester, Old Minster","1",Wiltshire,Winchester,,,Not found,Anglo-Saxon church https://historicengland.org.uk/listing/the-list/list-entry/1023312?section=official-list-entry,,,"51.0612766","-1.3131692","51.5182719531","-1.7316716523","58.628066652",,
Micheldever,"51.148569","-1.265595","900",S 360,spurious,spurious,"Winchester, Old Minster",community,,"Winchester, New Minster","1",Hampshire,Southampton,"51.1573724","-1.2576789",Shire match,,,,"50.9025349","-1.404189","51.148569","-1.265595","29.0468462353",,
Worthy,,,"900",S 360,spurious,spurious,"Winchester, Old Minster",community,,"Winchester, New Minster","1",Hampshire,Southampton,"51.1033985","-1.3008489",Shire match,,,,"50.9025349","-1.404189","51.1033985","-1.3008489","23.4935956112",,
Fovant,"51.059","-1.996","901",S 364,disputed (may be authentic),likely authentic,Wihtbrord 5,person,lay,Wilton,"1",Wiltshire,Axminster,"51.0554611","-1.9926309",Shire match,,,,"50.7820966","-2.9979915","51.059","-1.996","76.8964105444",,
Chisledon,"51.5182719531","-1.7316716523","901",S 366,probably authentic,likely authentic,"Winchester, Old Minster",community,,"Winchester, New Minster","1",Wiltshire,Southampton,,,Not found,Anglo-Saxon church https://historicengland.org.uk/listing/the-list/list-entry/1023312?section=official-list-entry,,,"50.9025349","-1.404189","51.5182719531","-1.7316716523","72.2233518597",,
Stanton St Bernard,,,"903",S 368,authentic,authentic,Ordlaf 1,person,lay,Wilton,"1",Wiltshire,Milton,"51.3649969","-1.8630506",Shire match,,,,"52.2422961","0.1604726","51.3649969","-1.8630506","170.3136879511",,
Hardwell in Compton Beauchamp,"51.5795932182","-1.5932423455","903",S 369,authentic,authentic,Tata 1,person,lay,Abingdon,"1",Berkshire,Southampton,,,Not found,,,,"50.9025349","-1.404189","51.5795932182","-1.5932423455","76.4728463453",,
Micheldever,"51.148569","-1.265595","903",S 370,spurious,spurious,"Winchester, Old Minster",community,,"Winchester, New Minster","1",Hampshire,Southampton,"51.1573724","-1.2576789",Shire match,,,,"50.9025349","-1.404189","51.148569","-1.265595","29.0468462353",,
Bishops Waltham,"50.9536","-1.2118","904",S 372,authentic,authentic,"Winchester, Old Minster",community,,"Winchester, Old Minster","1",Hampshire,Bickleigh,"50.9540325","-1.2143351",Shire match,,,,"50.8427425","-3.502667","50.9536","-1.2118","161.6298587942",,
Portchester,"50.842","-1.12","904",S 372,authentic,authentic,,,,,"1",Hampshire,Bickleigh,"50.8488504","-1.125024",Shire match,"CONSIDER REMOVING: WAS NOT DONATED BY MONARCH, WAS RECEIVED BY MONARCH IN EXCHANGE FOR ANOTHER PROPRETY",,,"50.8427425","-3.502667","50.842","-1.12","167.8165239571",,
Taunton,"51.019","-3.1","904",S 373,probably authentic,likely authentic,"Winchester, Old Minster",community,,"Winchester, Old Minster","1",Somerset,Bickleigh,"51.0147895","-3.1029086",Shire match,,,,"50.8427425","-3.502667","51.019","-3.1","34.435891616",,
Compton,"51.295","-2.869","904",S 373,probably authentic,likely authentic,,,,,"1",Somerset,Bickleigh,"51.2894146","-2.8505896",Shire match,"CONSIDER REMOVING: WAS NOT DONATED BY MONARCH, WAS RECEIVED BY MONARCH IN EXCHANGE FOR ANOTHER PROPRETY",,,"50.8427425","-3.502667","51.295","-2.869","67.1130538125",,
Crowcombe,"51.124","-3.2273","904",S 373,probably authentic,likely authentic,,,,,"1",Somerset,Bickleigh,"51.1169848","-3.2309709",Shire match,"CONSIDER REMOVING: WAS NOT DONATED BY MONARCH, WAS RECEIVED BY MONARCH IN EXCHANGE FOR ANOTHER PROPRETY",,,"50.8427425","-3.502667","51.124","-3.2273","36.7823043149",,
Stoce by Shalbourne,"51.368","-1.55","904",S 373,probably authentic,likely authentic,,,,,"1",Wiltshire,Bickleigh,,,Not found,"CONSIDER REMOVING: WAS NOT DONATED BY MONARCH, WAS RECEIVED BY MONARCH IN EXCHANGE FOR ANOTHER PROPRETY",,,"50.8427425","-3.502667","51.368","-1.55","148.7167178336",,
Banwell,"51.327","-2.864","904",S 373,probably authentic,likely authentic,,,,,"1",Somerset,Bickleigh,"51.3279764","-2.8629427",Shire match,"CONSIDER REMOVING: WAS NOT DONATED BY MONARCH, WAS RECEIVED BY MONARCH IN EXCHANGE FOR ANOTHER PROPRETY",,,"50.8427425","-3.502667","51.327","-2.864","70.0353198631",,
Micheldever,"51.148569","-1.265595","904",S 374,probably authentic,likely authentic,"Winchester, Old Minster",community,,"Winchester, New Minster","1",Hampshire,Bickleigh,"51.1573724","-1.2576789",Shire match,,,,"50.8427425","-3.502667","51.148569","-1.265595","160.6879827383",,
Collingbourne,,,"933",S 379,authentic,authentic,Wulfgar 11,person,ecclesiastic,"Winchester, New Minster","1",Wiltshire,Wilton,"51.2759545","-1.6369214",Shire match,,,,"51.0805315","-1.8607051","51.2759545","-1.6369214","26.7873380969",,
Burleston,,,"934",S 391,disputed (probably spurious),likely spurious,Milton abbey,community,,Milton,"1",Dorset,Dorchester,"50.7476294","-2.3180015",Shire match,,,,"50.7132064","-2.4371229","50.7476294","-2.3180015","9.2411391177",,
Cattistock,,,"934",S 391,disputed (probably spurious),likely spurious,Milton abbey,community,,Milton,"1",Dorset,Dorchester,"50.8097933","-2.5913499",Shire match,,,,"50.7132064","-2.4371229","50.8097933","-2.5913499","15.2925250349",,
Chalmington,,,"934",S 391,disputed (probably spurious),likely spurious,Milton abbey,community,,Milton,"1",Dorset,Dorchester,"50.8056347","-2.5770133",Shire match,,,,"50.7132064","-2.4371229","50.8056347","-2.5770133","14.2531026209",,
Clyffe in Tincleton,,,"934",S 391,disputed (probably spurious),likely spurious,Milton abbey,community,,Milton,"1",Dorset,Dorchester,,,Not found,,,,"50.7132064","-2.4371229","50.728440281","-2.3108449264","9.0771054549",,
Compton Abbas,,,"934",S 391,disputed (probably spurious),likely spurious,Milton abbey,community,,Milton,"1",Dorset,Dorchester,"50.9649957","-2.187397",Shire match,,,,"50.7132064","-2.4371229","50.9649957","-2.187397","33.0758328354",,
Ercecombe (Yarcombe)/Stokelonde (Stockland),,,"934",S 391,disputed (probably spurious),likely spurious,Milton abbey,community,,Milton,"1",Devonshire,Dorchester,,,Not found,,,,"50.7132064","-2.4371229",,,,,
Hillfield,,,"934",S 391,disputed (probably spurious),likely spurious,Milton abbey,community,,Milton,"1",Dorset,Dorchester,"50.625128","-2.240709",Shire match,,,,"50.7132064","-2.4371229","50.625128","-2.240709","16.9944435795",,
Holworth,,,"934",S 391,disputed (probably spurious),likely spurious,Milton abbey,community,,Milton,"1",Dorset,Dorchester,"50.6496111","-2.3303023",Shire match,,,,"50.7132064","-2.4371229","50.6496111","-2.3303023","10.3463806452",,
Little Puddle,,,"934",S 391,disputed (probably spurious),likely spurious,Milton abbey,community,,Milton,"1",Dorset,Dorchester,,,Not found,,,,"50.7132064","-2.4371229",,,,,
Lyscombe,,,"934",S 391,disputed (probably spurious),likely spurious,Milton abbey,community,,Milton,"1",Dorset,Dorchester,"50.6810991","-2.2351315",Shire match,,,,"50.7132064","-2.4371229","50.6810991","-2.2351315","14.7115820389",,
Milborne (St Andrew),,,"934",S 391,disputed (probably spurious),likely spurious,Milton abbey,community,,Milton,"1",Dorset,Dorchester,"50.7764648","-2.277241",Shire match,,,,"50.7132064","-2.4371229","50.7764648","-2.277241","13.2991247965",,
Osmington,,,"934",S 391,disputed (probably spurious),likely spurious,Milton abbey,community,,Milton,"1",Dorset,Dorchester,"50.6461536","-2.3901583",Shire match,,,,"50.7132064","-2.4371229","50.6461536","-2.3901583","8.164367115",,
Ower,,,"934",S 391,disputed (probably spurious),likely spurious,Milton abbey,community,,Milton,"1",Dorset,Dorchester,"50.6693846","-2.0031095",Shire match,,,,"50.7132064","-2.4371229","50.6693846","-2.0031095","31.0534274435",,
Sydling,,,"934",S 391,disputed (probably spurious),likely spurious,Milton abbey,community,,Milton,"1",Dorset,Dorchester,"50.7999259","-2.5263061",Shire match,,,,"50.7132064","-2.4371229","50.7999259","-2.5263061","11.5181677254",,
Twynham (Christchurch),,,"934",S 391,disputed (probably spurious),likely spurious,Milton abbey,community,,Milton,"1",Hampshire,Dorchester,,,Not found,,,,"50.7132064","-2.4371229",,,,,
Whitcombe,,,"934",S 391,disputed (probably spurious),likely spurious,Milton abbey,community,,Milton,"1",Dorset,Dorchester,"50.6927897","-2.4012155",Shire match,,,,"50.7132064","-2.4371229","50.6927897","-2.4012155","3.4048632353",,
Woolland,,,"934",S 391,disputed (probably spurious),likely spurious,Milton abbey,community,,Milton,"1",Dorset,Dorchester,"50.8614553","-2.3168527",Shire match,,,,"50.7132064","-2.4371229","50.8614553","-2.3168527","18.5448488657",,
"Ye (St Helen’s, now Green Island)",,,"934",S 391,disputed (probably spurious),likely spurious,Milton abbey,community,,Milton,"1",Dorset,Dorchester,,,Not found,,,,"50.7132064","-2.4371229",,,,,
Werburginland (? Way (Wayborough) near Minster),"51.3389304216","1.3294571783","924",S 394,disputed (probably spurious),likely spurious,"Canterbury, St Augustine's",community,,"Canterbury, St Augustine's","1",Kent,Kingston-on-Thames,,,Not found,,,,"51.6743611","-1.2821216","51.3389304216","1.3294571783","185.1127672495",,
Winterbourne (? near Bristol),,,"928",S 399,authentic,authentic,Ælfflæd 11,person,lay,Glastonbury,"1",Gloucestershire,Exeter,,,Not found,,,,"50.7256138","-3.5269209",,,,,
Odstock,,,"928",S 400,authentic,authentic,Beorhtfrith 8,person,lay,"Winchester, Old Minster","1",Wiltshire,Exeter,"51.0255727","-1.7909125",Shire match,,,,"50.7256138","-3.5269209","51.0255727","-1.7909125","126.6604340494",,
Earnley,,,"930",S 403,authentic basis,likely authentic,Beornheah 7,person,ecclesiastic,Selsey,"1",Sussex,Lyminster,"50.7615064","-0.8368306",Shire match,,,,"50.8339978","-0.5475421","50.7615064","-0.8368306","21.9319281695",,
Medmerry,,,"930",S 403,authentic basis,likely authentic,Beornheah 7,person,ecclesiastic,Selsey,"1",Sussex,Lyminster,"50.7352691","-0.8105161",Shire match,,,,"50.8339978","-0.5475421","50.7352691","-0.8105161","21.5536664369",,
Sandford,"50.810522","-3.662816","930",S 405,authentic basis,likely authentic,Crediton abbey,community,,"Exeter, Crediton","1",Devonshire,Chippenham,"50.8230346","-3.7070975",No shire match,"Diploma exists in two copies, therefore two archives",,,"51.4587621","-2.1159032","50.810522","-3.662816","130.0894369817",,
Amounderness,,,"934",S 407,authentic (later copy some contamination also possible),likely authentic,York minster,community,,York minster,"1",Lancashire,Nottingham,"53.8100187","-2.7238423",Shire match,,,,"52.9534193","-1.1496461","53.8100187","-2.7238423","141.6330292629",,
Ecchinswell,,,"931",S 412,authentic,authentic,Ælfric 26,person,ecclesiastic,"Winchester, Old Minster","1",Hampshire,Colchester,"51.3329458","-1.2838865",Shire match,,,,"51.8896903","0.8994651","51.3329458","-1.2838865","163.4283045979",,
Watchfield,"51.6121811699","-1.6405934372","931",S 413,authentic,authentic,Ælfric 27,person,lay,Abingdon,"1",Berkshire,Worthy,,,Not found,,,,"51.1033985","-1.3008489","51.6121811699","-1.6405934372","61.3524069574",,
Ham,,,"931",S 416,authentic,authentic,Wulfgar 11,person,ecclesiastic,"Winchester, Old Minster","1",Wiltshire,Lifton,"51.3567244","-1.5189153",Shire match,"This had the donation site ""Lifton, Westminster""",,,"50.6431937101","-4.2836893505","51.3567244","-1.5189153","209.6694851977",,
(West) Meon,,,"932",S 417,authentic,authentic,Æthelgeard 2,person,lay,"Winchester, Old Minster","1",Hampshire,Milton,"51.0111638","-1.0839794",Shire match,,,,"52.2422961","0.1604726","51.0111638","-1.0839794","161.8234487347",,
North Stoneham,"50.955","-1.381666667","932",S 418,authentic,authentic,Alfred 34,person,lay,"Winchester, New Minster","1",Hampshire,Amesbury,"50.9638699","-1.3757176",Shire match,,,,"51.1706875","-1.7706128","50.955","-1.381666667","36.3208723031",,
Bowers Gifford,"51.56","0.52","932",S 418a,authentic,authentic,Beorhtsige 10,person,ecclesiastic,Barking,"1",Essex,Exeter,,,,"ADDED, WAS MISSING. PLEASE ADD TO QGIS",,,"50.7256138","-3.5269209","51.56","0.52","297.9887086914",,
Fontmell,"50.9515","-2.1918","932",S 419,authentic,authentic,Shaftesbury nunnery,community,,Shaftesbury,"1",Dorset,Amesbury,"50.9516684","-2.1913332",Shire match,,,,"51.1706875","-1.7706128","50.9515","-2.1918","38.2945069045",,
Albury,,,"933",S 420,spurious,spurious,Chertsey abbey,community,,Chertsey,"1",Surrey,Kingston-on-Thames,"51.209119","-0.4936554",Shire match,,,,"51.6743611","-1.2821216","51.209119","-0.4936554","75.3955059429",,
Banstead,,,"933",S 420,spurious,spurious,Chertsey abbey,community,,Chertsey,"1",Surrey,Kingston-on-Thames,"51.3238969","-0.1986813",Shire match,,,,"51.6743611","-1.2821216","51.3238969","-0.1986813","84.7386039937",,
Beddington,"51.3688191191","-0.1270396217","933",S 420,spurious,spurious,Chertsey abbey,community,,Chertsey,"1",Surrey,Kingston-on-Thames,,,Not found,,,,"51.6743611","-1.2821216","51.3688191191","-0.1270396217","87.0796094586",,
Bisley,,,"933",S 420,spurious,spurious,Chertsey abbey,community,,Chertsey,"1",Surrey,Kingston-on-Thames,"51.3234698","-0.6383949",Shire match,,,,"51.6743611","-1.2821216","51.3234698","-0.6383949","59.3487537726",,
Bookham,,,"933, 947, 967, 1051",S 420,spurious,spurious,Chertsey abbey,community,,Chertsey,"1",Surrey,Kingston-on-Thames,"51.2888353","-0.3838753",Shire match,,,,"51.6743611","-1.2821216","51.2888353","-0.3838753","75.7190854473",,
Byfleet,,,"933",S 420,spurious,spurious,Chertsey abbey,community,,Chertsey,"1",Surrey,Kingston-on-Thames,"51.3401727","-0.472897",Shire match,,,,"51.6743611","-1.2821216","51.3401727","-0.472897","67.3720888481",,
Carshalton (Æuueltone),"51.3647271224","-0.1638171025","933",S 420,spurious,spurious,Chertsey abbey,community,,Chertsey,"1",Surrey,Kingston-on-Thames,,,Not found,,,,"51.6743611","-1.2821216","51.3647271224","-0.1638171025","84.922285667",,
Cealuadune (Chaldon),"51.2804383334","-0.1178273928","927",S 420,spurious,spurious,Chertsey abbey,community,,Chertsey,"1",Surrey,Kingston-on-Thames,,,Not found,,,,"51.6743611","-1.2821216","51.2804383334","-0.1178273928","91.9976243684",,
Cheam,,,"928",S 420,spurious,spurious,Chertsey abbey,community,,Chertsey,"1",Surrey,Kingston-on-Thames,"51.3518694","-0.2229866",Shire match,,,,"51.6743611","-1.2821216","51.3518694","-0.2229866","81.8121204018",,
Chertsey,,,"929",S 420,spurious,spurious,Chertsey abbey,community,,Chertsey,"1",Surrey,Kingston-on-Thames,"51.392296","-0.5038294",Shire match,,,,"51.6743611","-1.2821216","51.392296","-0.5038294","62.4610261688",,
Chipstead,,,"930",S 420,spurious,spurious,Chertsey abbey,community,,Chertsey,"1",Surrey,Kingston-on-Thames,"51.3093522","-0.1693688",Shire match,,,,"51.6743611","-1.2821216","51.3093522","-0.1693688","87.3026090345",,
Chobham,,,"931",S 420,spurious,spurious,Chertsey abbey,community,,Chertsey,"1",Surrey,Kingston-on-Thames,"51.3477705","-0.6010128",Shire match,,,,"51.6743611","-1.2821216","51.3477705","-0.6010128","59.6332257771",,
Cobham,,,"932",S 420,spurious,spurious,Chertsey abbey,community,,Chertsey,"1",Surrey,Kingston-on-Thames,"51.3300079","-0.4120821",Shire match,,,,"51.6743611","-1.2821216","51.3300079","-0.4120821","71.5363315286",,
Coulsdon,,,"933",S 420,spurious,spurious,Chertsey abbey,community,,Chertsey,"1",Surrey,Kingston-on-Thames,"51.29723","-0.1061029",Shire match,,,,"51.6743611","-1.2821216","51.29723","-0.1061029","91.8329898188",,
Cuddington,,,"933",S 420,spurious,spurious,Chertsey abbey,community,,Chertsey,"1",Surrey,Kingston-on-Thames,"51.3764891","-0.2554486",Shire match,,,,"51.6743611","-1.2821216","51.3764891","-0.2554486","78.5821439476",,
Dritham,,,"933",S 420,spurious,spurious,Chertsey abbey,community,,Chertsey,"1",Surrey,Kingston-on-Thames,,,Not found,Cannot find,,,"51.6743611","-1.2821216",,,,,
East Clandon,,,"933",S 420,spurious,spurious,Chertsey abbey,community,,Chertsey,"1",Surrey,Kingston-on-Thames,"51.2568306","-0.4826123",Shire match,,,,"51.6743611","-1.2821216","51.2568306","-0.4826123","72.4204717906",,
Effingham,,,"933",S 420,spurious,spurious,Chertsey abbey,community,,Chertsey,"1",Surrey,Kingston-on-Thames,"51.271863","-0.3977913",Shire match,,,,"51.6743611","-1.2821216","51.271863","-0.3977913","76.0303531427",,
Egham,,,"933",S 420,spurious,spurious,Chertsey abbey,community,,Chertsey,"1",Surrey,Kingston-on-Thames,"51.4312585","-0.5473085",Shire match,,,,"51.6743611","-1.2821216","51.4312585","-0.5473085","57.6985990262",,
Epsom,,,"933",S 420,spurious,spurious,Chertsey abbey,community,,Chertsey,"1",Surrey,Kingston-on-Thames,"51.3326098","-0.2678212",Shire match,,,,"51.6743611","-1.2821216","51.3326098","-0.2678212","80.0354688545",,
Frimley,,,"933",S 420,spurious,spurious,Chertsey abbey,community,,Chertsey,"1",Surrey,Kingston-on-Thames,"51.3140156","-0.7440667",Shire match,,,,"51.6743611","-1.2821216","51.3140156","-0.7440667","54.8051806567",,
"Getinges (cf. Eaton Farm,  Chobham)","51.3573767167","-0.6069373666","933",S 420,spurious,spurious,Chertsey abbey,community,,Chertsey,"1",Surrey,Kingston-on-Thames,,,Not found,"Very unsure, just centred on Chobham",,,"51.6743611","-1.2821216","51.3573767167","-0.6069373666","58.6550060416",,
Hunewaldesham (lost) in Weybridge,"51.3663530677","-0.4453686793","933",S 420,spurious,spurious,Chertsey abbey,community,,Chertsey,"1",Surrey,Kingston-on-Thames,,,Not found,Centred on Weybridge,,,"51.6743611","-1.2821216","51.3663530677","-0.4453686793","67.4342114215",,
Merstham,,,"933",S 420,spurious,spurious,Chertsey abbey,community,,Chertsey,"1",Surrey,Kingston-on-Thames,"51.2641687","-0.150065",Shire match,,,,"51.6743611","-1.2821216","51.2641687","-0.150065","90.9416815586",,
Mitcham,,,"933",S 420,spurious,spurious,Chertsey abbey,community,,Chertsey,"1",Surrey,Kingston-on-Thames,"51.353138","-0.7204885",Shire match,,,,"51.6743611","-1.2821216","51.353138","-0.7204885","52.8896407418",,
Molesey,,,"933",S 420,spurious,spurious,Chertsey abbey,community,,Chertsey,"1",Surrey,Kingston-on-Thames,"51.4029006","-0.3713094",Shire match,,,,"51.6743611","-1.2821216","51.4029006","-0.3713094","70.039554086",,
Petersham,,,"933",S 420,spurious,spurious,Chertsey abbey,community,,Chertsey,"1",Surrey,Kingston-on-Thames,"51.3414264","-0.4776999",Shire match,,,,"51.6743611","-1.2821216","51.3414264","-0.4776999","67.0164346897",,
Pointers in Cobham,"51.3201295996","-0.4386804274","933",S 420,spurious,spurious,Chertsey abbey,community,,Chertsey,"1",Surrey,Kingston-on-Thames,,,Not found,Placed on the end of Pointers Road,,,"51.6743611","-1.2821216","51.3201295996","-0.4386804274","70.5965101217",,
Streatham,"51.4296059316","-0.1293768524","933",S 420,spurious,spurious,Chertsey abbey,community,,Chertsey,"1",Surrey,Kingston-on-Thames,,,Not found,,,,"51.6743611","-1.2821216","51.4296059316","-0.1293768524","84.4649344352",,
"Suthmeresfelda (Canon’s Farm, Banstead)","51.3047869908","-0.2110603165","933",S 420,spurious,spurious,Chertsey abbey,community,,Chertsey,"1",Surrey,Kingston-on-Thames,,,Not found,,,,"51.6743611","-1.2821216","51.3047869908","-0.2110603165","84.9979317149",,
Sutton,,,"933",S 420,spurious,spurious,Chertsey abbey,community,,Chertsey,"1",Surrey,Kingston-on-Thames,"51.1967997","-0.6229249",Shire match,,,,"51.6743611","-1.2821216","51.1967997","-0.6229249","70.1724092197",,
Tadworth,,,"933",S 420,spurious,spurious,Chertsey abbey,community,,Chertsey,"1",Surrey,Kingston-on-Thames,"51.2912247","-0.2326709",Shire match,,,,"51.6743611","-1.2821216","51.2912247","-0.2326709","84.4483112855",,
Thorpe,,,"933",S 420,spurious,spurious,Chertsey abbey,community,,Chertsey,"1",Surrey,Kingston-on-Thames,"51.408913","-0.5329621",Shire match,,,,"51.6743611","-1.2821216","51.408913","-0.5329621","59.7790045777",,
Thunderfield,,,"933",S 420,spurious,spurious,Chertsey abbey,community,,Chertsey,"1",Surrey,Kingston-on-Thames,"51.1674651","-0.1419385",Shire match,,,,"51.6743611","-1.2821216","51.1674651","-0.1419385","97.3162331468",,
Tooting,"51.42902732","-0.1650462589","933",S 420,spurious,spurious,Chertsey abbey,community,,Chertsey,"1",Surrey,Kingston-on-Thames,,,Not found,,,,"51.6743611","-1.2821216","51.42902732","-0.1650462589","82.1487386859",,
Waddington,,,"933",S 420,spurious,spurious,Chertsey abbey,community,,Chertsey,"1",Surrey,Kingston-on-Thames,,,Not found,Based on Open Domesday https://opendomesday.org/place/TQ3158/waddington/,,,"51.6743611","-1.2821216","51.3594005988","-0.1388477761","86.7511225667",,
West Clandon,,,"933",S 420,spurious,spurious,Chertsey abbey,community,,Chertsey,"1",Surrey,Kingston-on-Thames,"51.2608611","-0.5103708",Shire match,,,,"51.6743611","-1.2821216","51.2608611","-0.5103708","70.6568591103",,
Weybridge,,,"933",S 420,spurious,spurious,Chertsey abbey,community,,Chertsey,"1",Surrey,Kingston-on-Thames,"51.3727175","-0.4549297",Shire match,,,,"51.6743611","-1.2821216","51.3727175","-0.4549297","66.499964698",,
White Waltham,,,"933",S 420,spurious,spurious,Chertsey abbey,community,,Chertsey,"1",Berkshire,Kingston-on-Thames,"51.4908971","-0.7683543",No shire match,,,,"51.6743611","-1.2821216","51.4908971","-0.7683543","41.0467597361",,
Woodham in Chertsey,"51.3447165604","-0.5125343016","933",S 420,spurious,spurious,Chertsey abbey,community,,Chertsey,"1",Surrey,Kingston-on-Thames,,,Not found,,,,"51.6743611","-1.2821216","51.3447165604","-0.5125343016","64.8052989889",,
Ewell,,,"933",S 420,spurious,spurious,Chertsey abbey,community,,Chertsey,"1",Surrey,Kingston-on-Thames,"51.3502402","-0.2511759",Shire match,,,,"51.6743611","-1.2821216","51.3502402","-0.2511759","80.1406292806",,
Bradford Abbas,"50.928","-2.588","933",S 422,authentic,authentic,Sherborne,community,,Sherborne,"1",Dorset,Chippenham,"50.9342937","-2.5918593",Shire match,,,,"51.4587621","-2.1159032","50.928","-2.588","67.6446577956",,
Stalbridge Weston,"50.94813167","-2.398086977","933",S 423,spurious (based on other document),likely spurious,Sherborne,community,,Sherborne,"1",Dorset,Chippenham,"50.9486252","-2.3996411",Shire match,,,,"51.4587621","-2.1159032","50.94813167","-2.398086977","60.1346092995",,
Derantune (? Durrington),"50.8375932898","-0.4266490572","934",S 425,authentic,authentic,Ælfwald 16,person,lay,"Canterbury, Christ Church","1",Sussex,Winchester,,,Not found,Quite unsure of this one,,,"51.0612766","-1.3131692","50.8375932898","-0.4266490572","67.0846248122",,
Kingtone (? Kington St Michael),"51.497","-2.143","934",S 426,authentic,authentic,Æthelhelm 17,person,lay,Glastonbury,"1",Wiltshire,Buckingham,,,Not found,,,,"51.9983175","-0.9786725","51.497","-2.143","97.8619826175",,
Ashmanworth,"51.3155765501","-1.404691826","934",S 427,disputed suspicious (and/or opinions vary),likely authentic,"Winchester, Old Minster",community,,"Winchester, Old Minster","1",Hampshire,Frome,,,Not found,"Based on Ashmansworth, Hampshire",,,"51.2294852","-2.3198467","51.3155765501","-1.404691826","64.5784527917",,
Chilbolton,,,"934",S 427,disputed suspicious (and/or opinions vary),likely authentic,"Winchester, Old Minster",community,,"Winchester, Old Minster","1",Hampshire,Frome,"51.13978","-1.4190758",Shire match,,,,"51.2294852","-2.3198467","51.13978","-1.4190758","63.7661121725",,
Enford,,,"934",S 427,disputed suspicious (and/or opinions vary),likely authentic,"Winchester, Old Minster",community,,"Winchester, Old Minster","1",Wiltshire,Frome,"51.2603232","-1.8055256",Shire match,,,,"51.2294852","-2.3198467","51.2603232","-1.8055256","36.0771731073",,
Cofton Hackett,,,"934",S 428,spurious,spurious,Worcester,community,,Worcester,"1",Worcestershire,London,"52.3776093","-1.9965531",Shire match,,,,"51.5140003762","-0.0981885391","52.3776093","-1.9965531","162.0785915933",,
Hopwood in Alvechurch,"52.3725879588","-1.9592761902","934",S 428,spurious,spurious,Worcester,community,,Worcester,"1",Worcestershire,London,,,Not found,,,,"51.5140003762","-0.0981885391","52.3725879588","-1.9592761902","159.6928447624",,
Rednal in Kings Norton,"52.3928099648","-2.0012289994","934",S 428,spurious,spurious,Worcester,community,,Worcester,"1",Worcestershire,London,,,Not found,,,,"51.5140003762","-0.0981885391","52.3928099648","-2.0012289994","163.3265488859",,
Wast Hills,,,"934",S 428,spurious,spurious,Worcester,community,,Worcester,"1",Worcestershire,London,"52.389624","-1.9487923",Shire match,,,,"51.5140003762","-0.0981885391","52.389624","-1.9487923","160.2417670409",,
Werstfelda,,,"934",S 428,spurious,spurious,Worcester,community,,Worcester,"1",Worcestershire,London,,,Not found,Don't know!,,,"51.5140003762","-0.0981885391",,,,,
Bremhill,,,"937",S 434,spurious (based on (some) genuine (earlier) material),likely spurious,Malmesbury,community,,Malmesbury,"1",Wiltshire,Dorchester,"51.4693457","-2.0454519",Shire match,,,,"50.7132064","-2.4371229","51.4693457","-2.0454519","88.482619189",,
Wootton Bassett,,,"937",S 435,spurious,spurious,Malmesbury,community,,Malmesbury,"1",Wiltshire,Dorchester,"51.5417946","-1.9047369",Shire match,,,,"50.7132064","-2.4371229","51.5417946","-1.9047369","99.4295394345",,
Bremhill,,,"937",S 436,spurious (based on (some) genuine (earlier) material),likely spurious,Malmesbury,community,,Malmesbury,"1",Wiltshire,Dorchester,"51.4693457","-2.0454519",Shire match,,,,"50.7132064","-2.4371229","51.4693457","-2.0454519","88.482619189",,
Ewen,,,"937",S 436,spurious (based on (some) genuine (earlier) material),likely spurious,Malmesbury,community,,Malmesbury,"1",Gloucestershire,Dorchester,"51.677278","-1.993704",Shire match,,,,"50.7132064","-2.4371229","51.677278","-1.993704","111.6433817316",,
Norton,,,"937",S 436,spurious (based on (some) genuine (earlier) material),likely spurious,Malmesbury,community,,Malmesbury,"1",Wiltshire,Dorchester,"51.5650551","-2.161818",Shire match,,,,"50.7132064","-2.4371229","51.5650551","-2.161818","96.7076526915",,
Sumerford (? Little Somerford),,,"937",S 436,spurious (based on (some) genuine (earlier) material),likely spurious,Malmesbury,community,,Malmesbury,"1",Wiltshire,Dorchester,,,Not found,,,,"50.7132064","-2.4371229",,,,,
Wootton Bassett,,,"937",S 436,spurious (based on (some) genuine (earlier) material),likely spurious,Malmesbury,community,,Malmesbury,"1",Wiltshire,Dorchester,"51.5417946","-1.9047369",Shire match,,,,"50.7132064","-2.4371229","51.5417946","-1.9047369","99.4295394345",,
Bosanketh,"50.0844509305","-5.6622440392","925",S 450,disputed suspicious (and/or opinions vary),likely authentic,Church of St Buryan,community,,Exeter,"1",Cornwall,Kingston-on-Thames,,,Not found,Little Bosanketh Farm,,,"51.6743611","-1.2821216","50.0844509305","-5.6622440392","355.3203918963",,
Bosliven,"50.0706498879","-5.6105655941","925",S 450,disputed suspicious (and/or opinions vary),likely authentic,Church of St Buryan,community,,Exeter,"1",Cornwall,Kingston-on-Thames,,,Not found,There is a Bosliven farm in Cornwall,,,"51.6743611","-1.2821216","50.0706498879","-5.6105655941","352.9839835852",,
Botilwoelon,,,"925",S 450,disputed suspicious (and/or opinions vary),likely authentic,Church of St Buryan,community,,Exeter,"1",Cornwall,Kingston-on-Thames,,,Not found,,,,"51.6743611","-1.2821216",,,,,
Burnewhall,,,"925",S 450,disputed suspicious (and/or opinions vary),likely authentic,Church of St Buryan,community,,Exeter,"1",Cornwall,Kingston-on-Thames,,,Not found,,,,"51.6743611","-1.2821216",,,,,
Pendrea,,,"925",S 450,disputed suspicious (and/or opinions vary),likely authentic,Church of St Buryan,community,,Exeter,"1",Cornwall,Kingston-on-Thames,"50.5282232","-4.6800605",Shire match,,,,"51.6743611","-1.2821216","50.5282232","-4.6800605","269.9727804869",,
Treikyn,,,"925",S 450,disputed suspicious (and/or opinions vary),likely authentic,Church of St Buryan,community,,Exeter,"1",Cornwall,Kingston-on-Thames,,,Not found,Cannot find a Treikyn in Cornwall,,,"51.6743611","-1.2821216",,,,,
Treverven,,,"925",S 450,disputed suspicious (and/or opinions vary),likely authentic,Church of St Buryan,community,,Exeter,"1",Cornwall,Kingston-on-Thames,"50.0573016","-5.6175537",Shire match,,,,"51.6743611","-1.2821216","50.0573016","-5.6175537","354.1968465102",,
Grittleton,,,"940",S 472,authentic,authentic,Wulfric 23,person,lay,Glastonbury,"1",Wiltshire,Colchester,"51.5175337","-2.2093908",Shire match,,,,"51.8896903","0.8994651","51.5175337","-2.2093908","218.8515717845",,
Langley,"51.492","-2.108","940",S 473,authentic,authentic,Wulfric 23,person,lay,Glastonbury,"1",Wiltshire,Chippenham,"51.4990873","-2.114639",Shire match,,,,"51.4587621","-2.1159032","51.492","-2.108","3.7385057237",,
Abbots Bromley,,,"942",S 479,probably authentic,likely authentic,Wulfsige 25,person,lay,Burton,"1",Staffordshire,Winchcombe,"52.8191473","-1.8808933",Shire match,,,,"51.9527513","-1.9675136","52.8191473","-1.8808933","96.5881278708",,
Branston,,,"942",S 479,probably authentic,likely authentic,Wulfsige 25,person,lay,Burton,"1",Staffordshire,Winchcombe,"52.7934552","-1.6683022",Shire match,,,,"51.9527513","-1.9675136","52.7934552","-1.6683022","95.7423734503",,
Clifton,,,"942",S 479,probably authentic,likely authentic,Wulfsige 25,person,lay,Burton,"1",Staffordshire,Winchcombe,"52.9837457","-1.9878022",Shire match,,,,"51.9527513","-1.9675136","52.9837457","-1.9878022","114.7334481587",,
Haunton,,,"942",S 479,probably authentic,likely authentic,Wulfsige 25,person,lay,Burton,"1",Staffordshire,Winchcombe,"52.6953683","-1.6497353",Shire match,,,,"51.9527513","-1.9675136","52.6953683","-1.6497353","85.4266040928",,
Kings Bromley,,,"942",S 479,probably authentic,likely authentic,Wulfsige 25,person,lay,Burton,"1",Staffordshire,Winchcombe,"52.7489467","-1.8210198",Shire match,,,,"51.9527513","-1.9675136","52.7489467","-1.8210198","89.1563604083",,
Rolleston,,,"942",S 479,probably authentic,likely authentic,Wulfsige 25,person,lay,Burton,"1",Staffordshire,Winchcombe,"52.8462987","-1.650868",Shire match,,,,"51.9527513","-1.9675136","52.8462987","-1.650868","101.7381958957",,
Stretton,,,"942",S 479,probably authentic,likely authentic,Wulfsige 25,person,lay,Burton,"1",Staffordshire,Winchcombe,"52.8339891","-1.6263284",Shire match,,,,"51.9527513","-1.9675136","52.8339891","-1.6263284","100.7723157198",,
Tatenhill,,,"942",S 479,probably authentic,likely authentic,Wulfsige 25,person,lay,Burton,"1",Staffordshire,Winchcombe,"52.8010891","-1.7346016",Shire match,,,,"51.9527513","-1.9675136","52.8010891","-1.7346016","95.7214806251",,
Tisted,"51.05745","-1.07035","941",S 511,disputed suspicious (and/or opinions vary),likely authentic,Æthelgeard 2,person,lay,"Winchester, Old Minster","1",Hampshire,Cheddar,"51.0811667","-0.9969444",Shire match,,,,"51.2753365","-2.7766545","51.05745","-1.07035","121.7834115587",,
Warkton,,,"946",S 520,authentic,authentic,Wulfric 25,person,lay,Worcester,"1",Northamptonshire,Kingston-on-Thames,"52.417541","-0.6602266",Shire match,,,,"51.6743611","-1.2821216","52.417541","-0.6602266","93.0500298538",,
Twickenham,,,"948",S 537,spurious,spurious,"Canterbury, Christ Church",community,,"Canterbury, Christ Church","1",Middlesex,Gadshill,,,Not found,,,,"52.2698549","-1.545795",,,,,
Suthtone (? Sutton Maddock),"52.6117723537","-2.4113616915","949",S 549,authentic,authentic,Ulfcytel 1,person,lay,Burton,"1",Shropshire,Somerton,,,Not found,,,,"51.06161","-2.7548573","52.6117723537","-2.4113616915","174.0945105642",,
Ciricdune (? at Chingford),"51.623","0.009","950",S 552a,authentic,authentic,Barking abbey,community,,Barking,"1",Essex,Abingdon,,,Not found,,,,"51.6714842","-1.2779715","51.623","0.009","89.241713145",,
Lippanwelle (? in Barnstaple hundred),"51.55","0.4","950",S 552a,authentic,authentic,Barking abbey,community,,Barking,"1",Essex,Abingdon,,,Not found,,,,"51.6714842","-1.2779715","51.55","0.4","117.0171577251",,
Rimpton,"51.080408309","-4.0606457661","956",S 571,spurious (based on other document),likely spurious,Beorhtric 8,community,,"Winchester, Old Minster","1",Somerset,Glastonbury,"50.9944264","-2.5628889",Shire match,,,,"51.14804","-2.716577","51.080408309","-4.0606457661","94.4175880002",,
Tadmarton,"52.04","-1.429","956",S 611,authentic,authentic,Byrhtnoth,person,lay,Abingdon,"1",Oxfordshire,Cheddar,"52.0309453","-1.4181502",Shire match,,,,"51.2753365","-2.7766545","52.04","-1.429","126.2310435309",,
Seacourt,,,"956",S 633,probably authentic,likely authentic,Abbingdon abbey,community,,Abingdon,"1",Berkshire,Cirencester,"51.5004962","-0.5358873",No shire match,,,,"51.7171029","-1.9661616","51.5004962","-0.5358873","101.9692043814",,
Wytham,"51.7754161225","-1.3119519484","956",S 633,probably authentic,likely authentic,Abbingdon abbey,community,,Abingdon,"1",Berkshire,Cirencester,,,Not found,,,,"51.7171029","-1.9661616","51.7754161225","-1.3119519484","45.6466918831",,
Ely,,,"957",S 646,authentic,authentic,Oda 1,person,ecclesiastic,Ely,"1",Cambridgeshire,Edington,"52.3990199","0.262039",Shire match,,,,"51.2784183236","-2.1070989986","52.3990199","0.262039","205.4329517614",,
Aston (? Aston Sutton),,,"958",S 667,authentic,authentic,"Chester, St Werburg",community,,"Chester, St Werburg","1",Cheshire,Penkridge,"53.3094911","-2.6883742",Shire match,,,,"52.7246633","-2.1127563","53.3094911","-2.6883742","75.6839402372",,
Barrow (? Great Barrow),,,"958",S 667,authentic,authentic,"Chester, St Werburg",community,,"Chester, St Werburg","1",Cheshire,Penkridge,"53.2094616","-2.7957028",Shire match,,,,"52.7246633","-2.1127563","53.2094616","-2.7957028","70.8248010365",,
Cheavely,"53.1498144938","-2.8680911732","958",S 667,authentic,authentic,"Chester, St Werburg",community,,"Chester, St Werburg","1",Cheshire,Penkridge,,,Not found,Placed at Cheavely Hall Farm,,,"52.7246633","-2.1127563","53.1498144938","-2.8680911732","69.4081818758",,
Hoseley,"53.0792200981","-2.943946321","958",S 667,authentic,authentic,"Chester, St Werburg",community,,"Chester, St Werburg","1",Cheshire,Penkridge,,,Not found,"Quite unsure, placed at Hoseley Bank Farm",,,"52.7246633","-2.1127563","53.0792200981","-2.943946321","68.4464051389",,
Huntington,,,"958",S 667,authentic,authentic,"Chester, St Werburg",community,,"Chester, St Werburg","1",Cheshire,Penkridge,"53.1634849","-2.8648306",Shire match,,,,"52.7246633","-2.1127563","53.1634849","-2.8648306","70.2904227957",,
Upton,,,"958",S 667,authentic,authentic,"Chester, St Werburg",community,,"Chester, St Werburg","1",Cheshire,Penkridge,"53.2116132","-2.8856715",Shire match,,,,"52.7246633","-2.1127563","53.2116132","-2.8856715","75.0544330504",,
Between the Tyburn and the Fleet,"51.5146026896","-0.1320128413","959",S 670,spurious (based on earlier documentation),likely spurious,Westminster abbey,community,,Westminster,"1",Middlesex,Glastonbury,,,Not found,"Placed in Soho, roughly between Tyburn and Fleet",,,"51.14804","-2.716577","51.5146026896","-0.1320128413","184.6831396535",,
Blackwell in Tredington,"52.088631651","-1.6490560598","963",S 731,spurious,spurious,Worcester,community,,Worcester,"1",Worcestershire,Gloucester,,,Not found,,,,"51.8653705","-2.2458192","52.088631651","-1.6490560598","47.9430264656",,
Blockley,,,"963",S 731,spurious,spurious,Worcester,community,,Worcester,"1",Gloucestershire,Gloucester,"52.0223907","-1.7408221",Shire match,,,,"51.8653705","-2.2458192","52.0223907","-1.7408221","38.8727713463",,
Bredon,,,"963",S 731,spurious,spurious,Worcester,community,,Worcester,"1",Worcestershire,Gloucester,"52.0311079","-2.112163",Shire match,,,,"51.8653705","-2.2458192","52.0311079","-2.112163","20.6039549919",,
Cropthorne,,,"963",S 731,spurious,spurious,Worcester,community,,Worcester,"1",Worcestershire,Gloucester,"52.1049064","-2.0011014",Shire match,,,,"51.8653705","-2.2458192","52.1049064","-2.0011014","31.5119686815",,
Daylesford,,,"949, 963",S 731,spurious,spurious,Worcester,community,,Worcester,"1",Gloucestershire,Gloucester,"51.9311658","-1.6467043",Shire match,,,,"51.8653705","-2.2458192","51.9311658","-1.6467043","41.8838448888",,
Dorn in Batsford,"52.0039487444","-1.7039133716","963",S 731,spurious,spurious,Worcester,community,,Worcester,"1",Gloucestershire,Gloucester,,,Not found,,,,"51.8653705","-2.2458192","52.0039487444","-1.7039133716","40.3345731781",,
Evenlode,,,"963, 1051",S 731,spurious,spurious,Worcester,community,,Worcester,"1",Gloucestershire,Gloucester,"51.9638236","-1.674951",Shire match,,,,"51.8653705","-2.2458192","51.9638236","-1.674951","40.7794086857",,
Grimley,,,"963",S 731,spurious,spurious,Worcester,community,,Worcester,"1",Worcestershire,Gloucester,"52.240114","-2.2413205",Shire match,,,,"51.8653705","-2.2458192","52.240114","-2.2413205","41.6982344319",,
Hallow,,,"963",S 731,spurious,spurious,Worcester,community,,Worcester,"1",Worcestershire,Gloucester,"52.2216182","-2.2544279",Shire match,,,,"51.8653705","-2.2458192","52.2216182","-2.2544279","39.6434330476",,
Harvington,,,"963",S 731,spurious,spurious,Worcester,community,,Worcester,"1",Worcestershire,Gloucester,"52.1386899","-1.9197959",Shire match,,,,"51.8653705","-2.2458192","52.1386899","-1.9197959","37.7644038221",,
Icomb,,,"963",S 731,spurious,spurious,Worcester,community,,Worcester,"1",Gloucestershire,Gloucester,"51.9012782","-1.6922932",Shire match,,,,"51.8653705","-2.2458192","51.9012782","-1.6922932","38.3225544318",,
Knightwick,,,"963",S 731,spurious,spurious,Worcester,community,,Worcester,"1",Worcestershire,Gloucester,"52.2005208","-2.3948939",Shire match,,,,"51.8653705","-2.2458192","52.2005208","-2.3948939","38.6693654785",,
Little Witley,,,"963",S 731,spurious,spurious,Worcester,community,,Worcester,"1",Worcestershire,Gloucester,"52.2706289","-2.3186977",Shire match,,,,"51.8653705","-2.2458192","52.2706289","-2.3186977","45.3686380278",,
Mitton in Bredon,"51.9970052757","-2.1519074039","963",S 731,spurious,spurious,Worcester,community,,Worcester,"1",Worcestershire,Gloucester,,,Not found,,,,"51.8653705","-2.2458192","51.9970052757","-2.1519074039","16.0076609626",,
Northwick in Blockley,,,"963",S 731,spurious,spurious,Worcester,community,,Worcester,"1",Gloucestershire,Gloucester,"52.0307948","-1.7531593",Shire match,,,,"51.8653705","-2.2458192","52.0307948","-1.7531593","38.5516238862",,
Overbury,,,"963",S 731,spurious,spurious,Worcester,community,,Worcester,"1",Worcestershire,Gloucester,"52.034755","-2.0632074",Shire match,,,,"51.8653705","-2.2458192","52.034755","-2.0632074","22.6459376646",,
Pendock,,,"963",S 731,spurious,spurious,Worcester,community,,Worcester,"1",Worcestershire,Gloucester,"51.9930493","-2.3157651",Shire match,,,,"51.8653705","-2.2458192","51.9930493","-2.3157651","14.9989328924",,
Sedgeberrow,,,"963",S 731,spurious,spurious,Worcester,community,,Worcester,"1",Worcestershire,Gloucester,"52.0452687","-1.9684868",Shire match,,,,"51.8653705","-2.2458192","52.0452687","-1.9684868","27.6434578359",,
Shipston-on-Stour,,,"963",S 731,spurious,spurious,Worcester,community,,Worcester,"1",Warwickshire,Gloucester,"52.0630181","-1.6247264",Shire match,,,,"51.8653705","-2.2458192","52.0630181","-1.6247264","48.0207976436",,
Teddington,,,"963",S 731,spurious,spurious,Worcester,community,,Worcester,"1",Gloucestershire,Gloucester,"51.9964573","-2.0446998",Shire match,,,,"51.8653705","-2.2458192","51.9964573","-2.0446998","20.1024541378",,
Tredington,,,"963",S 731,spurious,spurious,Worcester,community,,Worcester,"1",Warwickshire,Gloucester,"52.0902906","-1.6254083",Shire match,,,,"51.8653705","-2.2458192","52.0902906","-1.6254083","49.4324799279",,
Armingford,,,"970",S 776,authentic,authentic,Æthelwold 1,person,ecclesiastic,Ely,"1",Cambridgeshire,Woolmer,"52.0862689","0.0284027",Shire match,,,,"51.0937792","-0.7481479","52.0862689","0.0284027","122.8387376232",,
Melbourn,,,"970",S 776,authentic,authentic,Æthelwold 1,person,ecclesiastic,Ely,"1",Cambridgeshire,Woolmer,"52.0817224","0.0186616",Shire match,,,,"51.0937792","-0.7481479","52.0817224","0.0186616","122.0900365807",,
Ely,,,"970",S 776,authentic,authentic,Æthelwold 1,person,ecclesiastic,Ely,"1",Cambridgeshire,Woolmer,"52.3990199","0.262039",Shire match,,,,"51.0937792","-0.7481479","52.3990199","0.262039","161.1102782829",,
Armingford,,,"970",S 779,disputed (probably spurious),likely spurious,Ely abbey,community,,Ely,"1",Cambridgeshire,Woolmer,"52.0862689","0.0284027",Shire match,,,,"51.0937792","-0.7481479","52.0862689","0.0284027","122.8387376232",,
Melbourn,,,"970",S 779,disputed (probably spurious),likely spurious,Ely abbey,community,,Ely,"1",Cambridgeshire,Woolmer,"52.0817224","0.0186616",Shire match,,,,"51.0937792","-0.7481479","52.0817224","0.0186616","122.0900365807",,
Northwold,,,"970",S 779,disputed (probably spurious),likely spurious,Ely abbey,community,,Ely,"1",Norfolk,Woolmer,"52.5431885","0.5773957",Shire match,,,,"51.0937792","-0.7481479","52.5431885","0.5773957","185.3611768043",,
Aston in Wellington,"52.7018888976","-2.5153326263","975",S 802,authentic,authentic,Ealhhelm 15,person,lay,"Winchester, Old Minster","1",Shropshire,Glastonbury,,,Not found,"Centred on Wellington, Shropshire",,,"51.14804","-2.716577","52.7018888976","-2.5153326263","173.4436117471",,
Taunton,"51.019","-3.1","968",S 806,disputed suspicious (and/or opinions vary),likely authentic,"Winchester, Old Minster",community,,"Winchester, Old Minster","1",Somerset,Cheddar,"51.0147895","-3.1029086",Shire match,,,,"51.2753365","-2.7766545","51.019","-3.1","36.4033025754",,
Hypeles eald land (Treable in Cheriton Bishop),"50.7219418768","-3.8148649601","976",S 830,probably authentic,likely authentic,Ælfsige 71,person,lay,"Exter, Crediton","1",Devonshire,Puddletown,,,Not found,"Quite unsure, placed at the end of Treable Lane. Diploma exists in two copies, therefore two archives",,,"50.7489205","-2.3468411","50.7219418768","-3.8148649601","103.6785608765",,
Brabourne,,,"996",S 877,authentic,authentic,Ælfthryth 8,person,lay,"Winchester, New Minster","1",Kent,London,"51.1390871","0.9804239",Shire match,,,,"51.5140003762","-0.0981885391","51.1390871","0.9804239","85.9774063472",,
Burhwarefelda,,,"996",S 877,authentic,authentic,Ælfthryth 8,person,lay,"Winchester, New Minster","1",Kent,London,,,Not found,"Try 'Kentish Place-Names', Uppsala Universitets Årsskrift (1931)",,,"51.5140003762","-0.0981885391",,,,,
Chalk,,,"996",S 877,authentic,authentic,Ælfthryth 8,person,lay,"Winchester, New Minster","1",Kent,London,"51.4321057","0.3993639",Shire match,,,,"51.5140003762","-0.0981885391","51.4321057","0.3993639","35.7511220148",,
Evegate,,,"996",S 877,authentic,authentic,Ælfthryth 8,person,lay,"Winchester, New Minster","1",Kent,London,"51.1133754","0.9541013",Shire match,,,,"51.5140003762","-0.0981885391","51.1133754","0.9541013","85.8452292626",,
Nackington,,,"996",S 877,authentic,authentic,Ælfthryth 8,person,lay,"Winchester, New Minster","1",Kent,London,"51.2495575","1.0896208",Shire match,,,,"51.5140003762","-0.0981885391","51.2495575","1.0896208","87.7717309033",,
Wirigenn (? Perry),,,"996",S 877,authentic,authentic,Ælfthryth 8,person,lay,"Winchester, New Minster","1",Kent,London,,,Not found,"Need to consult Robertson, Charters: Robertson, A. J., Anglo-Saxon Charters, 2nd edn (Cambridge, 1956) pp. 336-51",,,"51.5140003762","-0.0981885391",,,,,
Littlebrook,"51.461985","0.24135025","995",S 885,authentic,authentic,Rochester cathedral,community,,Rochester,"1",Kent,Amesbury,"51.3609716","1.0658995",Shire match,,,,"51.1706875","-1.7706128","51.461985","0.24135025","143.9625333756",,
Wouldham,"51.34964","0.45836","995",S 885,authentic,authentic,Rochester cathedral,community,,Rochester,"1",Kent,Amesbury,"51.3529009","0.474945",Shire match,,,,"51.1706875","-1.7706128","51.34964","0.45836","156.8543546652",,
Downton,"50.993","-1.743","997, 1051",S 891,authentic,authentic,"Winchester, Old Minster",community,,"Winchester, Old Minster","1",Wiltshire,"Wantage, Calne","50.9927562","-1.7517519",Shire match,,,,missing value,missing value,"50.993","-1.743",,,
Ebbesborne,"51.017","-2.013","997",S 891,authentic,authentic,"Winchester, Old Minster",community,,"Winchester, Old Minster","1",Wiltshire,"Wantage, Calne","51.0074719","-2.0135706",Shire match,,,,missing value,missing value,"51.017","-2.013",,,
Cowley Peachey,"51.5209716609","-0.4806586952","998",S 894,spurious (based on other document),likely spurious,Westminster abbey,community,,Westminster,"1",Middlesex,Westminster,,,Not found,,,,"51.5004439","-0.1265398","51.5209716609","-0.4806586952","24.690269127",,
Hampstead,"51.5555124108","-0.1807001213","998",S 894,spurious (based on other document),likely spurious,Westminster abbey,community,,Westminster,"1",Middlesex,Westminster,,,Not found,,,,"51.5004439","-0.1265398","51.5555124108","-0.1807001213","7.1878561529",,
Hanwell,"51.5086501373","-0.3374178821","998",S 894,spurious (based on other document),likely spurious,Westminster abbey,community,,Westminster,"1",Hertfordshire,Westminster,,,Not found,"Now in London, not found in Hertfordshire",,,"51.5004439","-0.1265398","51.5086501373","-0.3374178821","14.6704585165",,
Hendon,"51.5847277585","-0.228208807","998",S 894,spurious (based on other document),likely spurious,Westminster abbey,community,,Westminster,"1",Middlesex,Westminster,,,Not found,,,,"51.5004439","-0.1265398","51.5847277585","-0.228208807","11.7338751839",,
"Lothereslege (lost, in Hendon)","51.5847277585","-0.228208807","998",S 894,spurious (based on other document),likely spurious,Westminster abbey,community,,Westminster,"1",Middlesex,Westminster,,,Not found,Based on Hendon,,,"51.5004439","-0.1265398","51.5847277585","-0.228208807","11.7338751839",,
Paddington,"51.5173388056","-0.1745652543","998",S 894,spurious (based on other document),likely spurious,Westminster abbey,community,,Westminster,"1",Middlesex,Westminster,,,Not found,,,,"51.5004439","-0.1265398","51.5173388056","-0.1745652543","3.8276048728",,
Shepperton,"51.3958628573","-0.4486578817","998",S 894,spurious (based on other document),likely spurious,Westminster abbey,community,,Westminster,"1",Middlesex,Westminster,,,Not found,,,,"51.5004439","-0.1265398","51.3958628573","-0.4486578817","25.2357885937",,
Sullington,,,"998",S 894,spurious (based on other document),likely spurious,Westminster abbey,community,,Westminster,"1",Sussex,Westminster,"50.9073361","-0.4380748",Shire match,,,,"51.5004439","-0.1265398","50.9073361","-0.4380748","69.4838083173",,
Westminster (town),"51.4977204626","-0.1351907105","998",S 894,spurious (based on other document),likely spurious,Westminster abbey,community,,Westminster,"1",Middlesex,Westminster,,,Not found,,,,"51.5004439","-0.1265398","51.4977204626","-0.1351907105","0.6728258978",,
Brickendon,,,"998",S 894,spurious (based on other document),likely spurious,Westminster abbey,community,,Westminster,"1",Hertfordshire,Westminster,"51.7553812","-0.0849622",Shire match,,,,"51.5004439","-0.1265398","51.7553812","-0.0849622","28.5101357255",,
Cowley,,,"1004",S 909,fundamentally authentic,likely authentic,"Oxford, St Frideswide's",community,,"Oxford, St Frideswide's","1",Oxfordshire,Headington,"51.7313447","-1.2175301",Shire match,,,,"51.7601673","-1.2109282","51.7313447","-1.2175301","3.2391288395",,
Cutslow,"51.7897630093","-1.2662969476","1004",S 909,fundamentally authentic,likely authentic,"Oxford, St Frideswide's",community,,"Oxford, St Frideswide's","1",Oxfordshire,Headington,,,Not found,I have used Cutteslowe,,,"51.7601673","-1.2109282","51.7897630093","-1.2662969476","5.0446294389",,
Headington,,,"1004",S 909,fundamentally authentic,likely authentic,"Oxford, St Frideswide's",community,,"Oxford, St Frideswide's","1",Oxfordshire,Headington,"51.7601673","-1.2109282",Shire match,,,,"51.7601673","-1.2109282","51.7601673","-1.2109282","0",,
Upper Winchendon,,,"1004",S 909,fundamentally authentic,likely authentic,"Oxford, St Frideswide's",community,,"Oxford, St Frideswide's","1",Buckinghamshire,Headington,"51.8182405","-0.9260746",Shire match,,,,"51.7601673","-1.2109282","51.8182405","-0.9260746","20.6897487916",,
Whitehill in Tackley,"51.8658905926","-1.3092044858","1004",S 909,fundamentally authentic,likely authentic,"Oxford, St Frideswide's",community,,"Oxford, St Frideswide's","1",Oxfordshire,Headington,,,Not found,,,,"51.7601673","-1.2109282","51.8658905926","-1.3092044858","13.5759622744",,
Waltham St Lawrence,"51.48333333","-0.805","1007",S 915,authentic,authentic,Ælfgar 32,person,lay,Abingdon,"1",Berkshire,Beorchore,"51.4833379","-0.8067539",No shire match,,,,"51.6948740026","-2.4573697442","51.48333333","-0.805","116.9083323352",,
Bedwyn,,,"999",S 937,probably authentic,likely authentic,Abingdon abbey,community,,Abingdon,"1",Wiltshire,Cirencester,"51.379545","-1.5988642",Shire match,,,,"51.7171029","-1.9661616","51.379545","-1.5988642","45.3828942724",,
Burbage,,,"999",S 937,probably authentic,likely authentic,Abingdon abbey,community,,Abingdon,"1",Wiltshire,Cirencester,"51.3548751","-1.6633806",Shire match,,,,"51.7171029","-1.9661616","51.3548751","-1.6633806","45.4480081674",,
Farnborough,,,"999",S 937,probably authentic,likely authentic,Abingdon abbey,community,,Abingdon,"1",Warwickshire,Cirencester,"52.1436011","-1.3683355",Shire match,,,,"51.7171029","-1.9661616","52.1436011","-1.3683355","62.7921304453",,
Hurstbourne (Tarrant),,,"999",S 937,probably authentic,likely authentic,Abingdon abbey,community,,Abingdon,"1",Hampshire,Cirencester,"51.2816791","-1.451908",Shire match,,,,"51.7171029","-1.9661616","51.2816791","-1.451908","60.1834745227",,
Pyrian (? Wood- or Waterperry),"51.753365623","-1.0909907726","999",S 937,probably authentic,likely authentic,Abingdon abbey,community,,Abingdon,"1",Oxfordshire,Cirencester,,,Not found,,,,"51.7171029","-1.9661616","51.753365623","-1.0909907726","60.5930494915",,
South Cerney,,,"999",S 937,probably authentic,likely authentic,Abingdon abbey,community,,Abingdon,"1",Gloucestershire,Cirencester,"51.6728211","-1.9206602",Shire match,,,,"51.7171029","-1.9661616","51.6728211","-1.9206602","5.8456964613",,
Wormleighton,,,"999",S 937,probably authentic,likely authentic,Abingdon abbey,community,,Abingdon,"1",Warwickshire,Cirencester,"52.1790224","-1.3451912",Shire match,,,,"51.7171029","-1.9661616","52.1790224","-1.3451912","66.816678771",,
Bocking,,,"997",S 939,authentic,authentic,"Canterbury, Christ Church",community,,"Canterbury, Christ Church","1",Essex,Cookham,"51.8838073","0.5499129",Shire match,,,,"51.5600965","-0.7081509","51.8838073","0.5499129","94.0994109764",,
Crowland,,,"1032",S 965,spurious,spurious,Crowland abbey,community,,Crowland,"1",Lincolnshire,London,"52.6847789","-0.1578674",Shire match,,,,"51.5140003762","-0.0981885391","52.6847789","-0.1578674","130.3357880123",,
Folkestone,,,"1035",S 981,spurious,spurious,"Canterbury, Christ Church",community,,"Canterbury, Christ Church","1",Kent,Kingston-on-Thames,"51.0791335","1.1794073",Shire match,,,,"51.6743611","-1.2821216","51.0791335","1.1794073","183.7276049249",,
Farnborough,,,"1042",S 993,disputed suspicious (and/or opinions vary),likely authentic,Abingdon abbey,community,,Abingdon,"1",Berkshire,Sutton Courtenay,"51.5367279","-1.3748299",Shire match,,,,"51.6397508","-1.2777309","51.5367279","-1.3748299","13.2917619212",,
