Location,Latitude (decimal),Longitude (decimal),Year of issue,Diplomas,Shire,Donated in royal diploma at (location),Lat (comp.),Lon (comp.),Predicted accuracy,Notes,Prom Lat,Prom Lon,Estate Lat Fallback,Estate Lon Fallback,Distance,Distance numeric
Ciricdune (? at Chingford),"51.623","0.009","950",S 552a,Essex,Abingdon,,,Not found,,"51.6714842","-1.2779715","51.623","0.009","89.2417131450465",
Lippanwelle (? in Barnstaple hundred),"51.55","0.4","950",S 552a,Essex,Abingdon,,,Not found,,"51.6714842","-1.2779715","51.55","0.4","117.01715772513981",
Fontmell,"50.9515","-2.1918","932",S 419,Dorset,Amesbury,"50.9516684","-2.1913332",Shire match,,"51.1706875","-1.7706128","50.9515","-2.1918","38.294506904525605",
Littlebrook,"51.461985","0.24135025","995",S 885,Kent,Amesbury,"51.3609716","1.0658995",Shire match,,"51.1706875","-1.7706128","51.461985","0.24135025","143.962533375591",
North Stoneham,"50.955","-1.381666667","932",S 418,Hampshire,Amesbury,"50.9638699","-1.3757176",Shire match,,"51.1706875","-1.7706128","50.955","-1.381666667","36.32087230311148",
Wouldham,"51.34964","0.45836","995",S 885,Kent,Amesbury,"51.3529009","0.474945",Shire match,,"51.1706875","-1.7706128","51.34964","0.45836","156.85435466520283",
Fovant,"51.059","-1.996","901",S 364,Wiltshire,Axminster,"51.0554611","-1.9926309",Shire match,,"50.7820966","-2.9979915","51.059","-1.996","76.89641054444049",
Waltham St Lawrence,"51.48333333","-0.805","1007",S 915,Berkshire,Beorchore,"51.4833379","-0.8067539",No shire match,,"51.69487400256249","-2.457369744152353","51.48333333","-0.805","116.90833233522685",
Bishops Waltham,"50.9536","-1.2118","904",S 372,Hampshire,Bickleigh,"50.9540325","-1.2143351",Shire match,,"50.8427425","-3.502667","50.9536","-1.2118","161.62985879423897",
Compton,"51.295","-2.869","904",S 373,Somerset,Bickleigh,"51.2894146","-2.8505896",Shire match,,"50.8427425","-3.502667","51.295","-2.869","67.11305381248113",
Crowcombe,"51.124","-3.2273","904",S 373,Somerset,Bickleigh,"51.1169848","-3.2309709",Shire match,,"50.8427425","-3.502667","51.124","-3.2273","36.78230431493393",
Portchester,"50.842","-1.12","904",S 372,Hampshire,Bickleigh,"50.8488504","-1.125024",Shire match,,"50.8427425","-3.502667","50.842","-1.12","167.81652395710404",
Stoce by Shalbourne,"51.368","-1.55","904",S 373,Wiltshire,Bickleigh,,,Not found,,"50.8427425","-3.502667","51.368","-1.55","148.71671783361344",
Taunton,"51.019","-3.1","904, 968","S 373, S 806",Somerset,"Bickleigh, Cheddar","51.0147895","-3.1029086",Shire match,,missing value,missing value,"51.019","-3.1",,
Micheldever,"51.148569","-1.265595","900, 903, 904","S 360, S 370, S 374",Hampshire,"Bickleigh, Southampton","51.1573724","-1.2576789",Shire match,,missing value,missing value,"51.148569","-1.265595",,
Banwell,"51.327","-2.864","904, 1065","S 373, S 1042",Somerset,"Bickleigh, Windsor","51.3279764","-2.8629427",Shire match,,missing value,missing value,"51.327","-2.864",,
Kingtone (? Kington St Michael),"51.497","-2.143","934",S 426,Wiltshire,Buckingham,,,Not found,,"51.9983175","-0.9786725","51.497","-2.143","97.86198261749229",
Tadmarton,"52.04","-1.429","956",S 611,Oxfordshire,Cheddar,"52.0309453","-1.4181502",Shire match,,"51.2753365","-2.7766545","52.04","-1.429","126.23104353090228",
Tisted,"51.05745","-1.07035","941",S 511,Hampshire,Cheddar,"51.0811667","-0.9969444",Shire match,,"51.2753365","-2.7766545","51.05745","-1.07035","121.7834115587212",
Bradford Abbas,"50.928","-2.588","933",S 422,Dorset,Chippenham,"50.9342937","-2.5918593",Shire match,,"51.4587621","-2.1159032","50.928","-2.588","67.64465779564388",
Langley,"51.492","-2.108","940",S 473,Wiltshire,Chippenham,"51.4990873","-2.114639",Shire match,,"51.4587621","-2.1159032","51.492","-2.108","3.73850572372908",
Sandford,"50.810522","-3.662816","930",S 405,Devonshire,Chippenham,"50.8230346","-3.7070975",No shire match,,"51.4587621","-2.1159032","50.810522","-3.662816","130.0894369816557",
Stalbridge Weston,"50.94813167","-2.398086977","933",S 423,Dorset,Chippenham,"50.9486252","-2.3996411",Shire match,,"51.4587621","-2.1159032","50.94813167","-2.398086977","60.134609299517734",
Bedwyn,,,"999",S 937,Wiltshire,Cirencester,"51.379545","-1.5988642",Shire match,,"51.7171029","-1.9661616","51.379545","-1.5988642","45.38289427239925",
Burbage,,,"999",S 937,Wiltshire,Cirencester,"51.3548751","-1.6633806",Shire match,,"51.7171029","-1.9661616","51.3548751","-1.6633806","45.44800816740996",
Farnborough,,,"999",S 937,Warwickshire,Cirencester,"52.1436011","-1.3683355",Shire match,,"51.7171029","-1.9661616","52.1436011","-1.3683355","62.79213044528155",
Hurstbourne (Tarrant),,,"999",S 937,Hampshire,Cirencester,"51.2816791","-1.451908",Shire match,,"51.7171029","-1.9661616","51.2816791","-1.451908","60.183474522720324",
Pyrian (? Wood- or Waterperry),,,"999",S 937,Oxfordshire,Cirencester,,,Not found,,"51.7171029","-1.9661616",,,,
Seacourt,,,"956",S 633,Berkshire,Cirencester,"51.5004962","-0.5358873",No shire match,,"51.7171029","-1.9661616","51.5004962","-0.5358873","101.96920438135184",
South Cerney,,,"999",S 937,Gloucestershire,Cirencester,"51.6728211","-1.9206602",Shire match,,"51.7171029","-1.9661616","51.6728211","-1.9206602","5.845696461270058",
Wormleighton,,,"999",S 937,Warwickshire,Cirencester,"52.1790224","-1.3451912",Shire match,,"51.7171029","-1.9661616","52.1790224","-1.3451912","66.81667877096137",
Wytham,,,"956",S 633,Berkshire,Cirencester,,,Not found,,"51.7171029","-1.9661616",,,,
Ecchinswell,,,"931",S 412,Hampshire,Colchester,"51.3329458","-1.2838865",Shire match,,"51.8896903","0.8994651","51.3329458","-1.2838865","163.42830459794257",
Grittleton,,,"940",S 472,Wiltshire,Colchester,"51.5175337","-2.2093908",Shire match,,"51.8896903","0.8994651","51.5175337","-2.2093908","218.85157178452016",
Bocking,,,"997",S 939,Essex,Cookham,"51.8838073","0.5499129",Shire match,,"51.5600965","-0.7081509","51.8838073","0.5499129","94.0994109764044",
Bremhill,,,"937, 937","S 434, S 436",Wiltshire,Dorchester,"51.4693457","-2.0454519",Shire match,,"50.7132064","-2.4371229","51.4693457","-2.0454519","88.48261918904787",
Burleston,,,"934",S 391,Dorset,Dorchester,"50.7476294","-2.3180015",Shire match,,"50.7132064","-2.4371229","50.7476294","-2.3180015","9.241139117723527",
Cattistock,,,"934",S 391,Dorset,Dorchester,"50.8097933","-2.5913499",Shire match,,"50.7132064","-2.4371229","50.8097933","-2.5913499","15.292525034930598",
Chalmington,,,"934",S 391,Dorset,Dorchester,"50.8056347","-2.5770133",Shire match,,"50.7132064","-2.4371229","50.8056347","-2.5770133","14.25310262090465",
Clyffe in Tincleton,,,"934",S 391,Dorset,Dorchester,,,Not found,,"50.7132064","-2.4371229",,,,
Compton Abbas,,,"934",S 391,Dorset,Dorchester,"50.9649957","-2.187397",Shire match,,"50.7132064","-2.4371229","50.9649957","-2.187397","33.07583283535644",
Ercecombe (Yarcombe)/Stokelonde (Stockland),,,"934",S 391,Devonshire,Dorchester,,,Not found,,"50.7132064","-2.4371229",,,,
Ewen,,,"937",S 436,Gloucestershire,Dorchester,"51.677278","-1.993704",Shire match,,"50.7132064","-2.4371229","51.677278","-1.993704","111.6433817316402",
Hillfield,,,"934",S 391,Dorset,Dorchester,"50.625128","-2.240709",Shire match,,"50.7132064","-2.4371229","50.625128","-2.240709","16.99444357954319",
Holworth,,,"934",S 391,Dorset,Dorchester,"50.6496111","-2.3303023",Shire match,,"50.7132064","-2.4371229","50.6496111","-2.3303023","10.346380645238396",
Little Puddle,,,"934",S 391,Dorset,Dorchester,,,Not found,,"50.7132064","-2.4371229",,,,
Lyscombe,,,"934",S 391,Dorset,Dorchester,"50.6810991","-2.2351315",Shire match,,"50.7132064","-2.4371229","50.6810991","-2.2351315","14.711582038917767",
Milborne (St Andrew),,,"934",S 391,Dorset,Dorchester,"50.7764648","-2.277241",Shire match,,"50.7132064","-2.4371229","50.7764648","-2.277241","13.299124796532443",
Norton,,,"937",S 436,Wiltshire,Dorchester,"51.5650551","-2.161818",Shire match,,"50.7132064","-2.4371229","51.5650551","-2.161818","96.70765269145662",
Osmington,,,"934",S 391,Dorset,Dorchester,"50.6461536","-2.3901583",Shire match,,"50.7132064","-2.4371229","50.6461536","-2.3901583","8.164367114986733",
Ower,,,"934",S 391,Dorset,Dorchester,"50.6693846","-2.0031095",Shire match,,"50.7132064","-2.4371229","50.6693846","-2.0031095","31.05342744350237",
Sumerford (? Little Somerford),,,"937",S 436,Wiltshire,Dorchester,,,Not found,,"50.7132064","-2.4371229",,,,
Sydling,,,"934",S 391,Dorset,Dorchester,"50.7999259","-2.5263061",Shire match,,"50.7132064","-2.4371229","50.7999259","-2.5263061","11.518167725374745",
Twynham (Christchurch),,,"934",S 391,Hampshire,Dorchester,,,Not found,,"50.7132064","-2.4371229",,,,
Whitcombe,,,"934",S 391,Dorset,Dorchester,"50.6927897","-2.4012155",Shire match,,"50.7132064","-2.4371229","50.6927897","-2.4012155","3.40486323531234",
Woolland,,,"934",S 391,Dorset,Dorchester,"50.8614553","-2.3168527",Shire match,,"50.7132064","-2.4371229","50.8614553","-2.3168527","18.54484886569521",
Wootton Bassett,,,"937, 937","S 435, S 436",Wiltshire,Dorchester,"51.5417946","-1.9047369",Shire match,,"50.7132064","-2.4371229","51.5417946","-1.9047369","99.42953943449731",
"Ye (St Helen’s,  now Green Island)",,,"934",S 391,Dorset,Dorchester,,,Not found,,"50.7132064","-2.4371229",,,,
Walden,,,"888",S 220,Hertfordshire,Droitwich,"51.8811097","-0.2760921",Shire match,,"52.26851","-2.1486075","51.8811097","-0.2760921","135.4245521351477",
Cyricestun (? Somerset),,,"882",S 345,Somerset,Epsom,,,Not found,,"51.3326098","-0.2678212",,,,
Odstock,,,"928",S 400,Wiltshire,Exeter,"51.0255727","-1.7909125",Shire match,,"50.7256138","-3.5269209","51.0255727","-1.7909125","126.66043404939349",
Winterbourne (? near Bristol),,,"928",S 399,Gloucestershire,Exeter,,,Not found,,"50.7256138","-3.5269209",,,,
Ashmanworth,,,"934",S 427,Hampshire,Frome,,,Not found,,"51.2294852","-2.3198467",,,,
Chilbolton,,,"934",S 427,Hampshire,Frome,"51.13978","-1.4190758",Shire match,,"51.2294852","-2.3198467","51.13978","-1.4190758","63.76611217247697",
Enford,,,"934",S 427,Wiltshire,Frome,"51.2603232","-1.8055256",Shire match,,"51.2294852","-2.3198467","51.2603232","-1.8055256","36.07717310733176",
Twickenham,,,"948",S 537,Middlesex,Gadshill,,,Not found,,"52.2698549","-1.545795",,,,
Aston in Wellington,,,"975",S 802,Shropshire,Glastonbury,,,Not found,,"51.14804","-2.716577",,,,
Between the Tyburn and the Fleet,,,"959",S 670,Middlesex,Glastonbury,,,Not found,,"51.14804","-2.716577",,,,
Rimpton,,,"956",S 571,Somerset,Glastonbury,"50.9944264","-2.5628889",Shire match,,"51.14804","-2.716577","50.9944264","-2.5628889","20.201127348520096",
Blackwell in Tredington,,,"963",S 731,Worcestershire,Gloucester,,,Not found,,"51.8653705","-2.2458192",,,,
Blockley,,,"963",S 731,Gloucestershire,Gloucester,"52.0223907","-1.7408221",Shire match,,"51.8653705","-2.2458192","52.0223907","-1.7408221","38.87277134627344",
Bredon,,,"963",S 731,Worcestershire,Gloucester,"52.0311079","-2.112163",Shire match,,"51.8653705","-2.2458192","52.0311079","-2.112163","20.603954991930085",
Cropthorne,,,"963",S 731,Worcestershire,Gloucester,"52.1049064","-2.0011014",Shire match,,"51.8653705","-2.2458192","52.1049064","-2.0011014","31.51196868152132",
Daylesford,,,"949, 963",S 731,Gloucestershire,Gloucester,"51.9311658","-1.6467043",Shire match,,"51.8653705","-2.2458192","51.9311658","-1.6467043","41.883844888809065",
Dorn in Batsford,"52.00394874439924","-1.703913371591283","963",S 731,Gloucestershire,Gloucester,,,Not found,,"51.8653705","-2.2458192","52.00394874439924","-1.703913371591283","40.334573178131016",
Evenlode,,,"963, 1051",S 731,Gloucestershire,Gloucester,"51.9638236","-1.674951",Shire match,,"51.8653705","-2.2458192","51.9638236","-1.674951","40.77940868566387",
Grimley,,,"963",S 731,Worcestershire,Gloucester,"52.240114","-2.2413205",Shire match,,"51.8653705","-2.2458192","52.240114","-2.2413205","41.698234431852754",
Hallow,,,"963",S 731,Worcestershire,Gloucester,"52.2216182","-2.2544279",Shire match,,"51.8653705","-2.2458192","52.2216182","-2.2544279","39.64343304755003",
Harvington,,,"963",S 731,Worcestershire,Gloucester,"52.1386899","-1.9197959",Shire match,,"51.8653705","-2.2458192","52.1386899","-1.9197959","37.764403822084184",
Icomb,,,"963",S 731,Gloucestershire,Gloucester,"51.9012782","-1.6922932",Shire match,,"51.8653705","-2.2458192","51.9012782","-1.6922932","38.322554431763436",
Knightwick,,,"963",S 731,Worcestershire,Gloucester,"52.2005208","-2.3948939",Shire match,,"51.8653705","-2.2458192","52.2005208","-2.3948939","38.66936547846609",
Little Witley,,,"963",S 731,Worcestershire,Gloucester,"52.2706289","-2.3186977",Shire match,,"51.8653705","-2.2458192","52.2706289","-2.3186977","45.36863802775985",
Mitton in Bredon,"51.997005275691386","-2.151907403874006","963",S 731,Worcestershire,Gloucester,,,Not found,,"51.8653705","-2.2458192","51.997005275691386","-2.151907403874006","16.007660962575436",
Northwick in Blockley,,,"963",S 731,Gloucestershire,Gloucester,"52.0307948","-1.7531593",Shire match,,"51.8653705","-2.2458192","52.0307948","-1.7531593","38.5516238861622",
Overbury,,,"963",S 731,Worcestershire,Gloucester,"52.034755","-2.0632074",Shire match,,"51.8653705","-2.2458192","52.034755","-2.0632074","22.64593766462563",
Pendock,,,"963",S 731,Worcestershire,Gloucester,"51.9930493","-2.3157651",Shire match,,"51.8653705","-2.2458192","51.9930493","-2.3157651","14.998932892393599",
Sedgeberrow,,,"963",S 731,Worcestershire,Gloucester,"52.0452687","-1.9684868",Shire match,,"51.8653705","-2.2458192","52.0452687","-1.9684868","27.643457835920476",
Shipston-on-Stour,,,"963",S 731,Warwickshire,Gloucester,"52.0630181","-1.6247264",Shire match,,"51.8653705","-2.2458192","52.0630181","-1.6247264","48.020797643628605",
Teddington,,,"963",S 731,Gloucestershire,Gloucester,"51.9964573","-2.0446998",Shire match,,"51.8653705","-2.2458192","51.9964573","-2.0446998","20.10245413780684",
Tredington,,,"963",S 731,Warwickshire,Gloucester,"52.0902906","-1.6254083",Shire match,,"51.8653705","-2.2458192","52.0902906","-1.6254083","49.43247992785865",
Cowley,,,"1004",S 909,Oxfordshire,Headington,"51.7313447","-1.2175301",Shire match,,"51.7601673","-1.2109282","51.7313447","-1.2175301","3.239128839508521",
Cutslow,"51.78976300925623","-1.2662969475624906","1004",S 909,Oxfordshire,Headington,,,Not found,I have used Cutteslowe,"51.7601673","-1.2109282","51.78976300925623","-1.2662969475624906","5.044629438865582",
Headington,,,"1004",S 909,Oxfordshire,Headington,"51.7601673","-1.2109282",Shire match,,"51.7601673","-1.2109282","51.7601673","-1.2109282","0.0",
Upper Winchendon,,,"1004",S 909,Buckinghamshire,Headington,"51.8182405","-0.9260746",Shire match,,"51.7601673","-1.2109282","51.8182405","-0.9260746","20.689748791638692",
Whitehill in Tackley,"51.8658905926398","-1.3092044857871907","1004",S 909,Oxfordshire,Headington,,,Not found,,"51.7601673","-1.2109282","51.8658905926398","-1.3092044857871907","13.575962274406102",
Albury,,,"933",S 420,Surrey,Kingston-on-Thames,"51.209119","-0.4936554",Shire match,,"51.6743611","-1.2821216","51.209119","-0.4936554","75.39550594286246",
Banstead,,,"933",S 420,Surrey,Kingston-on-Thames,"51.3238969","-0.1986813",Shire match,,"51.6743611","-1.2821216","51.3238969","-0.1986813","84.7386039936871",
Beddington,"51.36881911911773","-0.1270396217415407","933",S 420,Surrey,Kingston-on-Thames,,,Not found,,"51.6743611","-1.2821216","51.36881911911773","-0.1270396217415407","87.07960945862708",
Bisley,,,"933",S 420,Surrey,Kingston-on-Thames,"51.3234698","-0.6383949",Shire match,,"51.6743611","-1.2821216","51.3234698","-0.6383949","59.34875377261336",
Bookham,,,"933, 947, 967, 1051",S 420,Surrey,Kingston-on-Thames,"51.2888353","-0.3838753",Shire match,,"51.6743611","-1.2821216","51.2888353","-0.3838753","75.71908544731957",
Bosanketh,"50.08445093054118","-5.662244039227806","925",S 450,Cornwall,Kingston-on-Thames,,,Not found,Little Bosanketh Farm,"51.6743611","-1.2821216","50.08445093054118","-5.662244039227806","355.3203918963473",
Bosliven,"50.07064988789363","-5.610565594148566","925",S 450,Cornwall,Kingston-on-Thames,,,Not found,There is a Bosliven farm in Cornwall,"51.6743611","-1.2821216","50.07064988789363","-5.610565594148566","352.9839835851594",
Botilwoelon,,,"925",S 450,Cornwall,Kingston-on-Thames,,,Not found,,"51.6743611","-1.2821216",,,,
Burnewhall,,,"925",S 450,Cornwall,Kingston-on-Thames,,,Not found,,"51.6743611","-1.2821216",,,,
Byfleet,,,"933",S 420,Surrey,Kingston-on-Thames,"51.3401727","-0.472897",Shire match,,"51.6743611","-1.2821216","51.3401727","-0.472897","67.37208884810148",
Carshalton (Æuueltone),"51.36472712240874","-0.1638171024925499","933",S 420,Surrey,Kingston-on-Thames,,,Not found,,"51.6743611","-1.2821216","51.36472712240874","-0.1638171024925499","84.92228566695648",
Cealuadune (Chaldon),"51.28043833338938","-0.1178273927923678","927",S 420,Surrey,Kingston-on-Thames,,,Not found,,"51.6743611","-1.2821216","51.28043833338938","-0.1178273927923678","91.99762436841075",
Cheam,,,"928",S 420,Surrey,Kingston-on-Thames,"51.3518694","-0.2229866",Shire match,,"51.6743611","-1.2821216","51.3518694","-0.2229866","81.81212040176226",
Chertsey,,,"929",S 420,Surrey,Kingston-on-Thames,"51.392296","-0.5038294",Shire match,,"51.6743611","-1.2821216","51.392296","-0.5038294","62.461026168789495",
Chipstead,,,"930",S 420,Surrey,Kingston-on-Thames,"51.3093522","-0.1693688",Shire match,,"51.6743611","-1.2821216","51.3093522","-0.1693688","87.30260903451924",
Chobham,,,"931",S 420,Surrey,Kingston-on-Thames,"51.3477705","-0.6010128",Shire match,,"51.6743611","-1.2821216","51.3477705","-0.6010128","59.63322577708553",
Cobham,,,"932",S 420,Surrey,Kingston-on-Thames,"51.3300079","-0.4120821",Shire match,,"51.6743611","-1.2821216","51.3300079","-0.4120821","71.5363315285979",
Coulsdon,,,"933",S 420,Surrey,Kingston-on-Thames,"51.29723","-0.1061029",Shire match,,"51.6743611","-1.2821216","51.29723","-0.1061029","91.83298981875592",
Cuddington,,,"933",S 420,Surrey,Kingston-on-Thames,"51.3764891","-0.2554486",Shire match,,"51.6743611","-1.2821216","51.3764891","-0.2554486","78.58214394758295",
Dritham,,,"933",S 420,Surrey,Kingston-on-Thames,,,Not found,Cannot find,"51.6743611","-1.2821216",,,,
East Clandon,,,"933",S 420,Surrey,Kingston-on-Thames,"51.2568306","-0.4826123",Shire match,,"51.6743611","-1.2821216","51.2568306","-0.4826123","72.4204717905847",
Effingham,,,"933",S 420,Surrey,Kingston-on-Thames,"51.271863","-0.3977913",Shire match,,"51.6743611","-1.2821216","51.271863","-0.3977913","76.03035314273237",
Egham,,,"933",S 420,Surrey,Kingston-on-Thames,"51.4312585","-0.5473085",Shire match,,"51.6743611","-1.2821216","51.4312585","-0.5473085","57.6985990262322",
Epsom,,,"933",S 420,Surrey,Kingston-on-Thames,"51.3326098","-0.2678212",Shire match,,"51.6743611","-1.2821216","51.3326098","-0.2678212","80.03546885448426",
Folkestone,,,"927, 1035, 1051","S 398, S 981, S 1047",Kent,Kingston-on-Thames,"51.0791335","1.1794073",Shire match,,"51.6743611","-1.2821216","51.0791335","1.1794073","183.72760492488396",
Frimley,,,"933, 967","S 420, S 752",Surrey,Kingston-on-Thames,"51.3140156","-0.7440667",Shire match,,"51.6743611","-1.2821216","51.3140156","-0.7440667","54.80518065671792",
"Getinges (cf. Eaton Farm,  Chobham)","51.35737671669661","-0.6069373666460964","885, 933","S 353, S 420",Surrey,Kingston-on-Thames,,,Not found,"Very unsure, just centred on Chobham","51.6743611","-1.2821216","51.35737671669661","-0.6069373666460964","58.65500604161615",
Hunewaldesham (lost) in Weybridge,"51.36635306774559","-0.4453686793211053","885, 933","S 353, S 420",Surrey,Kingston-on-Thames,,,Not found,Centred on Weybridge,"51.6743611","-1.2821216","51.36635306774559","-0.4453686793211053","67.43421142154988",
Merstham,,,"933, 947, 967, 1051","S 420, S 528, S 752, S 1047",Surrey,Kingston-on-Thames,"51.2641687","-0.150065",Shire match,,"51.6743611","-1.2821216","51.2641687","-0.150065","90.94168155859376",
Mitcham,,,"933",S 420,Surrey,Kingston-on-Thames,"51.353138","-0.7204885",Shire match,,"51.6743611","-1.2821216","51.353138","-0.7204885","52.88964074178898",
Molesey,,,"933",S 420,Surrey,Kingston-on-Thames,"51.4029006","-0.3713094",Shire match,,"51.6743611","-1.2821216","51.4029006","-0.3713094","70.03955408597407",
Pendrea,,,"925",S 450,Cornwall,Kingston-on-Thames,"50.5282232","-4.6800605",Shire match,,"51.6743611","-1.2821216","50.5282232","-4.6800605","269.9727804868847",
Petersham,,,"933",S 420,Surrey,Kingston-on-Thames,"51.3414264","-0.4776999",Shire match,,"51.6743611","-1.2821216","51.3414264","-0.4776999","67.01643468966958",
Pointers in Cobham,"51.32012959960232","-0.4386804274491057","933",S 420,Surrey,Kingston-on-Thames,,,Not found,Placed on the end of Pointers Road,"51.6743611","-1.2821216","51.32012959960232","-0.4386804274491057","70.59651012165139",
Streatham,"51.42960593160443","-0.1293768524043626","933",S 420,Surrey,Kingston-on-Thames,,,Not found,,"51.6743611","-1.2821216","51.42960593160443","-0.1293768524043626","84.46493443515506",
"Suthmeresfelda (Canon’s Farm,  Banstead)","51.30478699084858","-0.2110603165394247","933",S 420,Surrey,Kingston-on-Thames,,,Not found,,"51.6743611","-1.2821216","51.30478699084858","-0.2110603165394247","84.99793171489158",
Sutton,,,"933",S 420,Surrey,Kingston-on-Thames,"51.1967997","-0.6229249",Shire match,,"51.6743611","-1.2821216","51.1967997","-0.6229249","70.17240921972689",
Tadworth,,,"933",S 420,Surrey,Kingston-on-Thames,"51.2912247","-0.2326709",Shire match,,"51.6743611","-1.2821216","51.2912247","-0.2326709","84.44831128545138",
Thorpe,,,"933",S 420,Surrey,Kingston-on-Thames,"51.408913","-0.5329621",Shire match,,"51.6743611","-1.2821216","51.408913","-0.5329621","59.7790045776857",
Thunderfield,,,"933",S 420,Surrey,Kingston-on-Thames,"51.1674651","-0.1419385",Shire match,,"51.6743611","-1.2821216","51.1674651","-0.1419385","97.31623314683432",
Tooting,"51.42902731996927","-0.1650462588851632","933",S 420,Surrey,Kingston-on-Thames,,,Not found,,"51.6743611","-1.2821216","51.42902731996927","-0.1650462588851632","82.14873868590162",
Treikyn,,,"925",S 450,Cornwall,Kingston-on-Thames,,,Not found,Cannot find a Treikyn in Cornwall,"51.6743611","-1.2821216",,,,
Treverven,,,"925",S 450,Cornwall,Kingston-on-Thames,"50.0573016","-5.6175537",Shire match,,"51.6743611","-1.2821216","50.0573016","-5.6175537","354.1968465102287",
Waddington,,,"93",S 420,Surrey,Kingston-on-Thames,,,Not found,Cannot find a Waddington in Surrey,"51.6743611","-1.2821216",,,,
Warkton,,,"946",S 520,Northamptonshire,Kingston-on-Thames,"52.417541","-0.6602266",Shire match,,"51.6743611","-1.2821216","52.417541","-0.6602266","93.05002985376576",
Werburginland (? Way (Wayborough) near Minster),"51.33893042155948","1.3294571783332891","924",S 394,Kent,Kingston-on-Thames,,,Not found,,"51.6743611","-1.2821216","51.33893042155948","1.3294571783332891","185.1127672494951",
West Clandon,,,"933",S 420,Surrey,Kingston-on-Thames,"51.2608611","-0.5103708",Shire match,,"51.6743611","-1.2821216","51.2608611","-0.5103708","70.65685911028004",
Weybridge,,,"933",S 420,Surrey,Kingston-on-Thames,"51.3727175","-0.4549297",Shire match,,"51.6743611","-1.2821216","51.3727175","-0.4549297","66.49996469798448",
White Waltham,,,"933",S 420,Berkshire,Kingston-on-Thames,"51.4908971","-0.7683543",No shire match,,"51.6743611","-1.2821216","51.4908971","-0.7683543","41.04675973611468",
Woodham in Chertsey,"51.34471656044295","-0.512534301589047","933",S 420,Surrey,Kingston-on-Thames,,,Not found,,"51.6743611","-1.2821216","51.34471656044295","-0.512534301589047","64.80529898887808",
Ewell,,,"933",S 420,Surrey,Kingston-on-Thames,"51.3502402","-0.2511759",Shire match,,"51.6743611","-1.2821216","51.3502402","-0.2511759","80.14062928063461",
Ham,,,"931",S 416,Wiltshire,"Lifton, Westminster","51.3567244","-1.5189153",Shire match,,missing value,missing value,"51.3567244","-1.5189153",,
Brabourne,,,"996",S 877,Kent,London,"51.1390871","0.9804239",Shire match,,"51.4893335","-0.1440551","51.1390871","0.9804239","87.54966253887368",
Burhwarefelda,,,"996",S 877,Kent,London,,,Not found,Don't know!,"51.4893335","-0.1440551",,,,
Chalk,,,"996",S 877,Kent,London,"51.4321057","0.3993639",Shire match,,"51.4893335","-0.1440551","51.4321057","0.3993639","38.30055557588944",
Cofton Hackett,,,"934",S 428,Worcestershire,London,"52.3776093","-1.9965531",Shire match,,"51.4893335","-0.1440551","52.3776093","-1.9965531","161.2451098230223",
Crowland,,,"1032",S 965,Lincolnshire,London,"52.6847789","-0.1578674",Shire match,,"51.4893335","-0.1440551","52.6847789","-0.1578674","133.01937936162432",
Evegate,,,"996",S 877,Kent,London,"51.1133754","0.9541013",Shire match,,"51.4893335","-0.1440551","51.1133754","0.9541013","87.26348880811646",
Hopwood in Alvechurch,"52.37258795883031","-1.959276190229924","934",S 428,Worcestershire,London,,,Not found,,"51.4893335","-0.1440551","52.37258795883031","-1.959276190229924","158.8866714335753",
Nackington,,,"996",S 877,Kent,London,"51.2495575","1.0896208",Shire match,,"51.4893335","-0.1440551","51.2495575","1.0896208","89.95666105568273",
Rednal in Kings Norton,"52.39280996480654","-2.0012289994058814","934",S 428,Worcestershire,London,,,Not found,,"51.4893335","-0.1440551","52.39280996480654","-2.0012289994058814","162.52278282883606",
Wast Hills,,,"934",S 428,Worcestershire,London,"52.389624","-1.9487923",Shire match,,"51.4893335","-0.1440551","52.389624","-1.9487923","159.48588705513228",
Werstfelda,,,"934",S 428,Worcestershire,London,,,Not found,Don't know!,"51.4893335","-0.1440551",,,,
Wirigenn (? Perry),,,"996",S 877,Kent,London,,,Not found,"Need to consult Robertson, Charters: Robertson, A. J., Anglo-Saxon Charters, 2nd edn (Cambridge, 1956) pp. 336-51","51.4893335","-0.1440551",,,,
Earnley,,,"930",S 403,Sussex,Lyminster,"50.7615064","-0.8368306",Shire match,,"50.8339978","-0.5475421","50.7615064","-0.8368306","21.9319281694647",
Medmerry,,,"930",S 403,Sussex,Lyminster,"50.7352691","-0.8105161",Shire match,,"50.8339978","-0.5475421","50.7352691","-0.8105161","21.553666436852563",
Chelworth in Crudwell,"51.64647480524282","-2.044745897530469","885",S 356,Wiltshire,Malmesbury,,,Not found,,"51.58447","-2.0982042","51.64647480524282","-2.044745897530469","7.829563476123439",
(West) Meon,,,"932",S 417,Hampshire,Milton,"51.0111638","-1.0839794",Shire match,,"52.2422961","0.1604726","51.0111638","-1.0839794","161.8234487347455",
Stanton St Bernard,,,"903",S 368,Wiltshire,Milton,"51.3649969","-1.8630506",Shire match,,"52.2422961","0.1604726","51.3649969","-1.8630506","170.31368795112743",
Amounderness,,,"934",S 407,Lancashire,Nottingham,"53.8100187","-2.7238423",Shire match,,"52.9534193","-1.1496461","53.8100187","-2.7238423","141.6330292628518",
Aston (? Aston Sutton),,,"958",S 667,Cheshire,Penkridge,"53.3094911","-2.6883742",Shire match,,"52.7246633","-2.1127563","53.3094911","-2.6883742","75.68394023724123",
Barrow (? Great Barrow),,,"958",S 667,Cheshire,Penkridge,"53.2094616","-2.7957028",Shire match,,"52.7246633","-2.1127563","53.2094616","-2.7957028","70.8248010365204",
Cheavely,"53.14981449380751","-2.8680911732311","958",S 667,Cheshire,Penkridge,,,Not found,Placed at Cheavely Hall Farm,"52.7246633","-2.1127563","53.14981449380751","-2.8680911732311","69.4081818758332",
Hoseley,"53.079220098143736","-2.943946320980666","958",S 667,Cheshire,Penkridge,,,Not found,"Quite unsure, placed at Hoseley Bank Farm","52.7246633","-2.1127563","53.079220098143736","-2.943946320980666","68.44640513890167",
Huntington,,,"958",S 667,Cheshire,Penkridge,"53.1634849","-2.8648306",Shire match,,"52.7246633","-2.1127563","53.1634849","-2.8648306","70.29042279566282",
Upton,,,"958",S 667,Cheshire,Penkridge,"53.2116132","-2.8856715",Shire match,,"52.7246633","-2.1127563","53.2116132","-2.8856715","75.05443305036252",
Hypeles eald land (Treable in Cheriton Bishop),"50.72194187680274","-3.8148649600568194","976",S 830,Devonshire,Puddletown,,,Not found,"Quite unsure, placed at the end of Treable Lane","50.7489205","-2.3468411","50.72194187680274","-3.8148649600568194","103.67856087654091",
Caughley in Barrow,"52.60199972920518","-2.490570732760893","901",S 221,Shropshire,Shrewsbury,,,Not found,"Quite unsure, placed between Caughley Close and Church of St Giles, Barrow","52.707755","-2.7540658","52.60199972920518","-2.490570732760893","21.36449727244162",
Easthope,,,"901",S 221,Shropshire,Shrewsbury,"52.5535522","-2.640828",Shire match,,"52.707755","-2.7540658","52.5535522","-2.640828","18.794593564110183",
Patton,,,"901",S 221,Shropshire,Shrewsbury,"52.5514734","-2.6131182",Shire match,,"52.707755","-2.7540658","52.5514734","-2.6131182","19.83743155633934",
Stanton Long,,,"901",S 221,Shropshire,Shrewsbury,"52.5119182","-2.6309747",Shire match,,"52.707755","-2.7540658","52.5119182","-2.6309747","23.333239853962972",
Suthtone (? Sutton Maddock),"52.61177235369736","-2.411361691545011","949",S 549,Shropshire,Somerton,,,Not found,,"51.06161","-2.7548573","52.61177235369736","-2.411361691545011","174.09451056415284",
Hardwell in Compton Beauchamp,"51.579593218163794","-1.593242345501103","903",S 369,Berkshire,Southampton,,,Not found,,"50.9025349","-1.404189","51.579593218163794","-1.593242345501103","76.47284634526937",
Worthy,,,"900",S 360,Hampshire,Southampton,"51.1033985","-1.3008489",Shire match,,"50.9025349","-1.404189","51.1033985","-1.3008489","23.49359561118219",
Farnborough,,,"1042",S 993,Berkshire,Sutton Courtenay,"51.5367279","-1.3748299",Shire match,,"51.6397508","-1.2777309","51.5367279","-1.3748299","13.291761921158749",
Downton,"50.993","-1.743","997, 1051",S 891,Wiltshire,"Wantage, Calne","50.9927562","-1.7517519",Shire match,,missing value,missing value,"50.993","-1.743",,
Ebbesborne,"51.017","-2.013","997", S 891,Wiltshire,"Wantage, Calne","51.0074719","-2.0135706",Shire match,,missing value,missing value,"51.017","-2.013",,
Farnborough,"51.2998205472259","-0.7607200895980093","915",S 225,"Berkshire, Warwickshire",Weardburg,,,Not found,,missing value,missing value,"51.2998205472259","-0.7607200895980093",,
Aldenham,,,"1066",S 1043,Hertfordshire,Westminster,"51.6735426","-0.3520014",Shire match,,"51.5004439","-0.1265398","51.6735426","-0.3520014","24.800919532819286",
Amersham,,,"1066",S 1043,Buckinghamshire,Westminster,"51.676685","-0.607692",Shire match,,"51.5004439","-0.1265398","51.676685","-0.607692","38.68441389553938",
Ashwell,,,"1066",S 1043,Hertfordshire,Westminster,"52.0402221","-0.1550213",Shire match,,"51.5004439","-0.1265398","52.0402221","-0.1550213","60.08950338423041",
Ayot (St Lawrence),,,"1066",S 1043,Hertfordshire,Westminster,"51.8350966","-0.2580284",Shire match,,"51.5004439","-0.1265398","51.8350966","-0.2580284","38.32899097492886",
Brickendon,,,"998",S 894,Hertfordshire,Westminster,"51.7553812","-0.0849622",Shire match,,"51.5004439","-0.1265398","51.7553812","-0.0849622","28.510135725501325",
Chollington in Eastbourne,"50.79342313446913","0.2899554402861044","1066",S 1043,Sussex,Westminster,,,Not found,"Quite unsure, based on Eastbourne","51.5004439","-0.1265398","50.79342313446913","0.2899554402861044","83.88229203596956",
Claygate,,,"1066",S 1043,Surrey,Westminster,"51.3602657","-0.3375054",Shire match,,"51.5004439","-0.1265398","51.3602657","-0.3375054","21.41238489540483",
Cowley Peachey,"51.52097166086622","-0.4806586951993489","998",S 894,Middlesex,Westminster,,,Not found,,"51.5004439","-0.1265398","51.52097166086622","-0.4806586951993489","24.690269126955247",
Datchworth,,,"1066",S 1043,Hertfordshire,Westminster,"51.8531384","-0.1586845",Shire match,,"51.5004439","-0.1265398","51.8531384","-0.1586845","39.30415705441762",
Deene,,,"1066",S 1043,Northamptonshire,Westminster,"52.519851","-0.6209055",Shire match,,"51.5004439","-0.1265398","52.519851","-0.6209055","118.39637755761427",
Deerhurst,,,"1066",S 1043,Gloucestershire,Westminster,"51.9528346","-2.186237",Shire match,,"51.5004439","-0.1265398","51.9528346","-2.186237","150.9482311304937",
Denham,,,"1066",S 1043,Buckinghamshire,Westminster,"51.5729922","-0.4998008",Shire match,,"51.5004439","-0.1265398","51.5729922","-0.4998008","27.127231687116158",
Fanton (Hall) in North Benfleet,"51.59474070401188","0.5443288483112011","1066",S 1043,Essex,Westminster,,,Not found,,"51.5004439","-0.1265398","51.59474070401188","0.5443288483112011","47.70467513653492",
Greenford,,,"1066",S 1043,Middlesex,Westminster,"51.5485482","-0.3446914",No shire match,,"51.5004439","-0.1265398","51.5485482","-0.3446914","16.0585345538259",
Hampstead,"51.55551241084861","-0.1807001212646484","998, 1066","S 894, S 1043",Middlesex,Westminster,,,Not found,,"51.5004439","-0.1265398","51.55551241084861","-0.1807001212646484","7.1878561528746205",
Hanwell,"51.508650137280846","-0.3374178821453045","998",S 894,Hertfordshire,Westminster,,,Not found,"Now in London, not found in Hertfordshire","51.5004439","-0.1265398","51.508650137280846","-0.3374178821453045","14.670458516542876",
Hendon,"51.58472775848547","-0.2282088070080716","998, 1066","S 894, S 1043",Middlesex,Westminster,,,Not found,,"51.5004439","-0.1265398","51.58472775848547","-0.2282088070080716","11.733875183901665",
Holwell,,,"1066",S 1043,Hertfordshire,Westminster,"51.985701","-0.3039795",Shire match,,"51.5004439","-0.1265398","51.985701","-0.3039795","55.3644099368895",
Islip,,,"1066",S 1043,Oxfordshire,Westminster,"51.8231826","-1.2364036",Shire match,,"51.5004439","-0.1265398","51.8231826","-1.2364036","84.77537696025385",
Kelvedon,,,"1066",S 1043,Essex,Westminster,"51.8391963","0.6852534",Shire match,,"51.5004439","-0.1265398","51.8391963","0.6852534","67.63557363042095",
Kelvedon Hatch,,,"1066",S 1043,Essex,Westminster,"51.6660298","0.2744584",Shire match,,"51.5004439","-0.1265398","51.6660298","0.2744584","33.34592544907208",
Latchingdon,,,"1066",S 1043,Essex,Westminster,"51.6597817","0.724805",Shire match,,"51.5004439","-0.1265398","51.6597817","0.724805","61.61890406180393",
Launton,,,"1066",S 1043,Oxfordshire,Westminster,"51.8976897","-1.115968",Shire match,,"51.5004439","-0.1265398","51.8976897","-1.115968","81.4418417346338",
Lessness,,,"1066",S 1043,Kent,Westminster,"51.4828537","0.1494032",Shire match,,"51.5004439","-0.1265398","51.4828537","0.1494032","19.264777170327942",
Leyton,,,"1066",S 1043,Essex,Westminster,"51.816036","1.1578943",Shire match,,"51.5004439","-0.1265398","51.816036","1.1578943","95.5652361993481",
"Lothereslege (lost,  in Hendon)","51.58472775848547","-0.2282088070080716","998",S 894,Middlesex,Westminster,,,Not found,Based on Hendon,"51.5004439","-0.1265398","51.58472775848547","-0.2282088070080716","11.733875183901665",
Mapulderforde (? Maplestead),"51.98017002484213","0.6315079783796114","1066",S 1043,Essex,Westminster,,,Not found,C12 church with framgentary AS stonework https://historicengland.org.uk/listing/the-list/list-entry/1337989?section=official-list-entry,"51.5004439","-0.1265398","51.98017002484213","0.6315079783796114","74.77028986465781",
Morden,,,"1066",S 1043,Surrey,Westminster,"51.3026901","-0.2280833",Shire match,,"51.5004439","-0.1265398","51.3026901","-0.2280833","23.108235675660776",
Moulsham,,,"1066",S 1043,Essex,Westminster,"51.7265808","0.4712557",Shire match,,"51.5004439","-0.1265398","51.7265808","0.4712557","48.452319177321684",
Paddington,"51.51733880561567","-0.1745652543092306","998",S 894,Middlesex,Westminster,,,Not found,,"51.5004439","-0.1265398","51.51733880561567","-0.1745652543092306","3.8276048728295704",
Paglesham,,,"1066",S 1043,Essex,Westminster,"51.5996413","0.7958937",Shire match,,"51.5004439","-0.1265398","51.5996413","0.7958937","64.9284918340624",
Parham,,,"1066",S 1043,Sussex,Westminster,"50.9194442","-0.5010893",Shire match,,"51.5004439","-0.1265398","50.9194442","-0.5010893","69.73549377534202",
Pershore,,,"1066",S 1043,Worcestershire,Westminster,"52.1096993","-2.0754758",Shire match,,"51.5004439","-0.1265398","52.1096993","-2.0754758","150.54721731866093",
Perton,,,"1066",S 1043,Staffordshire,Westminster,"52.5957196","-2.2033801",Shire match,,"51.5004439","-0.1265398","52.5957196","-2.2033801","187.4773768452732",
Rayne,,,"1066",S 1043,Essex,Westminster,"51.8879146","0.4944322",Shire match,,"51.5004439","-0.1265398","51.8879146","0.4944322","60.84461457163045",
Rutland (shire),"52.65836017877989","-0.7062203375118706","1066",S 1043,Rutland,Westminster,,,Not found,Norman church https://historicengland.org.uk/listing/heritage-at-risk/search-register/list-entry/21021,"51.5004439","-0.1265398","52.65836017877989","-0.7062203375118706","134.82861390757333",
Shepperton,"51.39586285729347","-0.4486578816936648","998, 1066","S 894, S 1043",Middlesex,Westminster,,,Not found,,"51.5004439","-0.1265398","51.39586285729347","-0.4486578816936648","25.235788593687637",
Staines,"51.43358691711076","-0.5127579861131816","1066",S 1043,Middlesex,Westminster,,,Not found,Presumably Staines-upon-Thames,"51.5004439","-0.1265398","51.43358691711076","-0.5127579861131816","27.850206548653784",
Stevenage,,,"1066",S 1043,Hertfordshire,Westminster,"51.9016663","-0.2027155",Shire match,,"51.5004439","-0.1265398","51.9016663","-0.2027155","44.95023518253601",
Sudborough,,,"1066",S 1043,Northamptonshire,Westminster,"52.4361016","-0.5857794",Shire match,,"51.5004439","-0.1265398","52.4361016","-0.5857794","108.78608564205149",
Sullington,,,"998",S 894,Sussex,Westminster,"50.9073361","-0.4380748",Shire match,,"51.5004439","-0.1265398","50.9073361","-0.4380748","69.48380831729592",
Sunbury,"51.418425405523024","-0.4187168637445665","1066",S 1043,Middlesex,Westminster,,,Not found,"Sunbury on Thames, presumably","51.5004439","-0.1265398","51.418425405523024","-0.4187168637445665","22.2629442070054",
Wanstead,"51.57735265762785","0.0240995575939174","1066",S 1043,Essex,Westminster,,,Not found,,"51.5004439","-0.1265398","51.57735265762785","0.0240995575939174","13.507525853110097",
Watton-at-Stone,,,"1066",S 1043,Hertfordshire,Westminster,"51.8585119","-0.1165373",Shire match,,"51.5004439","-0.1265398","51.8585119","-0.1165373","39.84510158842742",
Weedon,,,"1066",S 1043,Buckinghamshire,Westminster,"51.8559075","-0.8191189",Shire match,,"51.5004439","-0.1265398","51.8559075","-0.8191189","62.1208898920205",
Wennington,,,"1066",S 1043,Essex,Westminster,"51.5065473","0.2171623",Shire match,,"51.5004439","-0.1265398","51.5065473","0.2171623","23.874662416656154",
West Chiltington,,,"1066",S 1043,Sussex,Westminster,"50.9558921","-0.44852",Shire match,,"51.5004439","-0.1265398","50.9558921","-0.44852","64.62284168959444",
Westminster (town),"51.49772046263794","-0.1351907104669806","998, 1066","S 894, S 1043",Middlesex,Westminster,,,Not found,,"51.5004439","-0.1265398","51.49772046263794","-0.1351907104669806","0.6728258977732731",
Wheathampstead,,,"1066",S 1043,Hertfordshire,Westminster,"51.8126524","-0.2936637",Shire match,,"51.5004439","-0.1265398","51.8126524","-0.2936637","36.611272004301824",
Windsor,,,"1066",S 1043,Berkshire,Westminster,"51.4837886","-0.6040419",No shire match,,"51.5004439","-0.1265398","51.4837886","-0.6040419","33.215382601973886",
Wormley,,,"1066",S 1043,Hertfordshire,Westminster,"51.7328989","-0.0244303",Shire match,,"51.5004439","-0.1265398","51.7328989","-0.0244303","26.81251973859155",
Collingbourne,,,"933",S 379,Wiltshire,Wilton,"51.2759545","-1.6369214",Shire match,,"51.0805315","-1.8607051","51.2759545","-1.6369214","26.787338096881093",
Abbots Bromley,,,"942",S 479,Staffordshire,Winchcombe,"52.8191473","-1.8808933",Shire match,,"51.9527513","-1.9675136","52.8191473","-1.8808933","96.58812787078391",
Branston,,,"942",S 479,Staffordshire,Winchcombe,"52.7934552","-1.6683022",Shire match,,"51.9527513","-1.9675136","52.7934552","-1.6683022","95.74237345033103",
Clifton,,,"942",S 479,Staffordshire,Winchcombe,"52.9837457","-1.9878022",Shire match,,"51.9527513","-1.9675136","52.9837457","-1.9878022","114.73344815869466",
Haunton,,,"942",S 479,Staffordshire,Winchcombe,"52.6953683","-1.6497353",Shire match,,"51.9527513","-1.9675136","52.6953683","-1.6497353","85.42660409280347",
Kings Bromley,,,"942",S 479,Staffordshire,Winchcombe,"52.7489467","-1.8210198",Shire match,,"51.9527513","-1.9675136","52.7489467","-1.8210198","89.15636040829803",
Rolleston,,,"942",S 479,Staffordshire,Winchcombe,"52.8462987","-1.650868",Shire match,,"51.9527513","-1.9675136","52.8462987","-1.650868","101.73819589573002",
Stretton,,,"942",S 479,Staffordshire,Winchcombe,"52.8339891","-1.6263284",Shire match,,"51.9527513","-1.9675136","52.8339891","-1.6263284","100.77231571977445",
Tatenhill,,,"942",S 479,Staffordshire,Winchcombe,"52.8010891","-1.7346016",Shire match,,"51.9527513","-1.9675136","52.8010891","-1.7346016","95.72148062510664",
Derantune (? Durrington),"50.83759328980917","-0.4266490572475064","934",S 425,Sussex,Winchester,,,Not found,Quite unsure of this one,"51.0612766","-1.3131692","50.83759328980917","-0.4266490572475064","67.08462481223079",
Hurstbourne Priors,,,"900",S 358,Hampshire,Winchester,"51.2159726","-1.3754484",Shire match,,"51.0612766","-1.3131692","51.2159726","-1.3754484","17.753474129359876",
Sparcells in Lydiard Millicent,"51.57868634595403","-1.829919568902966","900",S 359,Wiltshire,Winchester,,,Not found,,"51.0612766","-1.3131692","51.57868634595403","-1.829919568902966","67.90686954935876",
Stoke by Hurstbourne,"51.264734219148295","-1.424069854137659","900",S 359,Hampshire,Winchester,,,Not found,,"51.0612766","-1.3131692","51.264734219148295","-1.424069854137659","23.927423612224054",
Chisledon,"51.51827195312302","-1.731671652329621","900, 901","S 359, S 366",Wiltshire,"Winchester, Southampton",,,Not found,Anglo-Saxon church https://historicengland.org.uk/listing/the-list/list-entry/1023312?section=official-list-entry,"50.9297324","-1.426927","51.51827195312302","-1.731671652329621","68.8504391643363",
(Bishops) Lydeard,,,"1065",S 1042,Somerset,Windsor,"51.0576845","-3.1873724",Shire match,,"51.4837886","-0.6040419","51.0576845","-3.1873724","186.40352087945374",
(East) Wanstrow,"51.1736498261318","-2.414263092475683","1065",S 1042,Somerset,Windsor,,,Not found,,"51.4837886","-0.6040419","51.1736498261318","-2.414263092475683","130.8022434670394",
Binegar,,,"1065",S 1042,Somerset,Windsor,"51.2427853","-2.5514413",Shire match,,"51.4837886","-0.6040419","51.2427853","-2.5514413","138.25304171153735",
Bleadney,,,"1065",S 1042,Somerset,Windsor,"51.203451","-2.7378454",Shire match,,"51.4837886","-0.6040419","51.203451","-2.7378454","151.90908608909112",
Chew Magna,,,"1065",S 1042,Somerset,Windsor,"51.3660251","-2.6089889",Shire match,,"51.4837886","-0.6040419","51.3660251","-2.6089889","140.0628909102701",
Combe St Nicholas,,,"1065",S 1042,Somerset,Windsor,"50.8973646","-2.9947914",Shire match,,"51.4837886","-0.6040419","50.8973646","-2.9947914","179.40784038535253",
Congresbury,,,"1065",S 1042,Somerset,Windsor,"51.3720095","-2.8055631",Shire match,,"51.4837886","-0.6040419","51.3720095","-2.8055631","153.61419629051366",
Evercreech,,,"1065",S 1042,Somerset,Windsor,"51.1520665","-2.5084975",Shire match,,"51.4837886","-0.6040419","51.1520665","-2.5084975","137.80176447806343",
Kingsbury,,,"1065",S 1042,Somerset,Windsor,"50.9864772","-2.8072967",Shire match,,"51.4837886","-0.6040419","50.9864772","-2.8072967","163.51651184704693",
Litton,,,"1065",S 1042,Somerset,Windsor,"51.2900131","-2.5820639",Shire match,,"51.4837886","-0.6040419","51.2900131","-2.5820639","139.3675577175292",
Wedmore,,,"1065",S 1042,Somerset,Windsor,"51.2255001","-2.8114392",Shire match,,"51.4837886","-0.6040419","51.2255001","-2.8114392","156.42546261948678",
Wells,,,"1065",S 1042,Somerset,Windsor,"51.2094511","-2.6451203",Shire match,,"51.4837886","-0.6040419","51.2094511","-2.6451203","145.4419725438023",
Westbury,,,"1065",S 1042,Somerset,Windsor,"51.2386997","-2.7194147",Shire match,,"51.4837886","-0.6040419","51.2386997","-2.7194147","149.8344556739151",
Winsham,,,"1065",S 1042,Somerset,Windsor,"50.8638639","-2.8790331",Shire match,,"51.4837886","-0.6040419","50.8638639","-2.8790331","173.39680660248027",
Withycombe,,,"1065",S 1042,Somerset,Windsor,"51.1490711","-3.4234301",Shire match,,"51.4837886","-0.6040419","51.1490711","-3.4234301","200.0481387216127",
Armingford,,,"970, 970","S 776, S 779",Cambridgeshire,Woolmer,"52.0862689","0.0284027",Shire match,,"51.0937792","-0.7481479","52.0862689","0.0284027","122.83873762324853",
Farleigh,,,"898",S 350,Kent,Woolmer,"51.4073813","0.8506409",Shire match,,"51.0937792","-0.7481479","51.4073813","0.8506409","116.94817493447056",
Melbourn,,,"970, 970","S 776, S 779",Cambridgeshire,Woolmer,"52.0817224","0.0186616",Shire match,,"51.0937792","-0.7481479","52.0817224","0.0186616","122.09003658070066",
Northwold,,,"970",S 779,Norfolk,Woolmer,"52.5431885","0.5773957",Shire match,,"51.0937792","-0.7481479","52.5431885","0.5773957","185.36117680433736",
Ely,,,"957, 970","S 646, S 776",Cambridgeshire,"Woolmer, Edington","52.3990199","0.262039",Shire match,,missing value,missing value,"52.3990199","0.262039",,
Watchfield,"51.61218116993591","-1.6405934371827482","931",S 413,Berkshire,Worthy,,,Not found,,"51.1033985","-1.3008489","51.61218116993591","-1.6405934371827482","61.35240695743757",
