Location,Latitude (decimal),Longitude (decimal),Year of issue,Diplomas,Shire,Donated in royal diploma at (location),Prom Lat,Prom Lon,Latitude (programmatic),Longitude (programmatic),Certainty,Sources
Ciricdune (? at Chingford),51.623,0.009,950,S 552a,Essex,Abingdon,51.6714842,-1.2779715,,,,
Lippanwelle (? in Barnstaple hundred),51.55,0.4,950,S 552a,Essex,Abingdon,51.6714842,-1.2779715,,,,
Fontmell,50.9515,-2.1918,932,S 419,Dorset,Amesbury,51.1706875,-1.7706128,,,,
Littlebrook,51.461985,0.24135025,995,S 885,Kent,Amesbury,51.1706875,-1.7706128,,,,
North Stoneham,50.955,-1.381666667,932,S 418,Hampshire,Amesbury,51.1706875,-1.7706128,,,,
Wouldham,51.34964,0.45836,995,S 885,Kent,Amesbury,51.1706875,-1.7706128,,,,
Fovant,51.059,-1.996,901,S 364,Wiltshire,Axminster,50.7820966,-2.9979915,,,,
Waltham St Lawrence,51.48333333,-0.805,1007,S 915,Berkshire,Beorchore,,,,,,
Bishops Waltham,50.9536,-1.2118,904,S 372,Hampshire,Bickleigh,50.8427425,-3.502667,,,,
Compton,51.295,-2.869,904,S 373,Somerset,Bickleigh,50.8427425,-3.502667,,,,
Crowcombe,51.124,-3.2273,904,S 373,Somerset,Bickleigh,50.8427425,-3.502667,,,,
Portchester,50.842,-1.12,904,S 372,Hampshire,Bickleigh,50.8427425,-3.502667,,,,
Stoce by Shalbourne,51.368,-1.55,904,S 373,Wiltshire,Bickleigh,50.8427425,-3.502667,,,,
Taunton,51.019,-3.1,"904, 968","S 373, S 806",Somerset,"Bickleigh, Cheddar",,,,,,
Micheldever,51.148569,-1.265595,"900, 903, 904","S 360, S 370, S 374",Hampshire,"Bickleigh, Southampton",,,,,,
Banwell,51.327,-2.864,"904, 1065","S 373, S 1042",Somerset,"Bickleigh, Windsor",,,,,,
Kingtone (? Kington St Michael),51.497,-2.143,934,S 426,Wiltshire,Buckingham,51.9983175,-0.9786725,,,,
Tadmarton,52.04,-1.429,956,S 611,Oxfordshire,Cheddar,51.2753365,-2.7766545,,,,
Tisted,51.05745,-1.07035,941,S 511,Hampshire,Cheddar,51.2753365,-2.7766545,,,,
Bradford Abbas,50.928,-2.588,933,S 422,Dorset,Chippenham,51.4587621,-2.1159032,,,,
Langley,51.492,-2.108,940,S 473,Wiltshire,Chippenham,51.4587621,-2.1159032,,,,
Sandford,50.810522,-3.662816,930,S 405,Devonshire,Chippenham,51.4587621,-2.1159032,,,,
Stalbridge Weston,50.9481316671491,-2.39808697729451,933,S 423,Dorset,Chippenham,51.4587621,-2.1159032,,,,
Bedwyn,,,999,S 937,Wiltshire,Cirencester,51.7171029,-1.9661616,,,,
Burbage,,,999,S 937,Wiltshire,Cirencester,51.7171029,-1.9661616,,,,
Farnborough,,,999,S 937,Warwickshire,Cirencester,51.7171029,-1.9661616,,,,
Hurstbourne (Tarrant),,,999,S 937,Hampshire,Cirencester,51.7171029,-1.9661616,,,,
Pyrian (? Wood- or Waterperry),,,999,S 937,Oxfordshire,Cirencester,51.7171029,-1.9661616,,,,
Seacourt,,,956,S 633,Berkshire,Cirencester,51.7171029,-1.9661616,,,,
South Cerney,,,999,S 937,Gloucestershire,Cirencester,51.7171029,-1.9661616,,,,
Wormleighton,,,999,S 937,Warwickshire,Cirencester,51.7171029,-1.9661616,,,,
Wytham,,,956,S 633,Berkshire,Cirencester,51.7171029,-1.9661616,,,,
Ecchinswell,,,931,S 412,Hampshire,Colchester,51.8896903,0.8994651,,,,
Grittleton,,,940,S 472,Wiltshire,Colchester,51.8896903,0.8994651,,,,
Bocking,,,997,S 939,Essex,Cookham,51.5600965,-0.7081509,,,,
Bremhill,,,"937, 937","S 434, S 436",Wiltshire,Dorchester,50.7132064,-2.4371229,,,,
Burleston,,,934,S 391,Dorset,Dorchester,50.7132064,-2.4371229,,,,
Cattistock,,,934,S 391,Dorset,Dorchester,50.7132064,-2.4371229,,,,
Chalmington,,,934,S 391,Dorset,Dorchester,50.7132064,-2.4371229,,,,
Clyffe in Tincleton,,,934,S 391,Dorset,Dorchester,50.7132064,-2.4371229,,,,
Compton Abbas,,,934,S 391,Dorset,Dorchester,50.7132064,-2.4371229,,,,
Ercecombe (Yarcombe)/Stokelonde (Stockland),,,934,S 391,Devonshire,Dorchester,50.7132064,-2.4371229,,,,
Ewen,,,937,S 436,Gloucestershire,Dorchester,50.7132064,-2.4371229,,,,
Hillfield,,,934,S 391,Dorset,Dorchester,50.7132064,-2.4371229,,,,
Holworth,,,934,S 391,Dorset,Dorchester,50.7132064,-2.4371229,,,,
Little Puddle,,,934,S 391,Dorset,Dorchester,50.7132064,-2.4371229,,,,
Lyscombe,,,934,S 391,Dorset,Dorchester,50.7132064,-2.4371229,,,,
Milborne (St Andrew),,,934,S 391,Dorset,Dorchester,50.7132064,-2.4371229,,,,
Norton,,,937,S 436,Wiltshire,Dorchester,50.7132064,-2.4371229,,,,
Osmington,,,934,S 391,Dorset,Dorchester,50.7132064,-2.4371229,,,,
Ower,,,934,S 391,Dorset,Dorchester,50.7132064,-2.4371229,,,,
Sumerford (? Little Somerford),,,937,S 436,Wiltshire,Dorchester,50.7132064,-2.4371229,,,,
Sydling,,,934,S 391,Dorset,Dorchester,50.7132064,-2.4371229,,,,
Twynham (Christchurch),,,934,S 391,Hampshire,Dorchester,50.7132064,-2.4371229,,,,
Whitcombe,,,934,S 391,Dorset,Dorchester,50.7132064,-2.4371229,,,,
Woolland,,,934,S 391,Dorset,Dorchester,50.7132064,-2.4371229,,,,
Wootton Bassett,,,"937, 937","S 435, S 436",Wiltshire,Dorchester,50.7132064,-2.4371229,,,,
"Ye (St Helen’s,  now Green Island)",,,934,S 391,Dorset,Dorchester,50.7132064,-2.4371229,,,,
Walden,,,888,S 220,Hertfordshire,Droitwich,52.26851,-2.1486075,,,,
Cyricestun (? Somerset),,,882,S 345,Somerset,Epsom,51.3326098,-0.2678212,,,,
Odstock,,,928,S 400,Wiltshire,Exeter,50.7256138,-3.5269209,,,,
Winterbourne (? near Bristol),,,928,S 399,Gloucestershire,Exeter,50.7256138,-3.5269209,,,,
Ashmanworth,,,934,S 427,Hampshire,Frome,51.2294852,-2.3198467,,,,
Chilbolton,,,934,S 427,Hampshire,Frome,51.2294852,-2.3198467,,,,
Enford,,,934,S 427,Wiltshire,Frome,51.2294852,-2.3198467,,,,
Twickenham,,,948,S 537,Middlesex,Gadshill,52.2698215,-1.545813,,,,
Aston in Wellington,,,975,S 802,Shropshire,Glastonbury,51.14804,-2.716577,,,,
Between the Tyburn and the Fleet,,,959,S 670,Middlesex,Glastonbury,51.14804,-2.716577,,,,
Rimpton,,,956,S 571,Somerset,Glastonbury,51.14804,-2.716577,,,,
Blackwell in Tredington,,,963,S 731,Worcestershire,Gloucester,51.8653705,-2.2458192,,,,
Blockley,,,963,S 731,Gloucestershire,Gloucester,51.8653705,-2.2458192,,,,
Bredon,,,963,S 731,Worcestershire,Gloucester,51.8653705,-2.2458192,,,,
Cropthorne,,,963,S 731,Worcestershire,Gloucester,51.8653705,-2.2458192,,,,
Daylesford,,,"949, 963",S 731,Gloucestershire,Gloucester,51.8653705,-2.2458192,,,,
Dorn in Batsford,,,963,S 731,Gloucestershire,Gloucester,51.8653705,-2.2458192,,,,
Evenlode,,,"963, 1051",S 731,Gloucestershire,Gloucester,51.8653705,-2.2458192,,,,
Grimley,,,963,S 731,Worcestershire,Gloucester,51.8653705,-2.2458192,,,,
Hallow,,,963,S 731,Worcestershire,Gloucester,51.8653705,-2.2458192,,,,
Harvington,,,963,S 731,Worcestershire,Gloucester,51.8653705,-2.2458192,,,,
Icomb,,,963,S 731,Gloucestershire,Gloucester,51.8653705,-2.2458192,,,,
Knightwick,,,963,S 731,Worcestershire,Gloucester,51.8653705,-2.2458192,,,,
Little Witley,,,963,S 731,Worcestershire,Gloucester,51.8653705,-2.2458192,,,,
Mitton in Bredon,,,963,S 731,Worcestershire,Gloucester,51.8653705,-2.2458192,,,,
Northwick in Blockley,,,963,S 731,Gloucestershire,Gloucester,51.8653705,-2.2458192,,,,
Overbury,,,963,S 731,Worcestershire,Gloucester,51.8653705,-2.2458192,,,,
Pendock,,,963,S 731,Worcestershire,Gloucester,51.8653705,-2.2458192,,,,
Sedgeberrow,,,963,S 731,Worcestershire,Gloucester,51.8653705,-2.2458192,,,,
Shipston-on-Stour,,,963,S 731,Warwickshire,Gloucester,51.8653705,-2.2458192,,,,
Teddington,,,963,S 731,Gloucestershire,Gloucester,51.8653705,-2.2458192,,,,
Tredington,,,963,S 731,Warwickshire,Gloucester,51.8653705,-2.2458192,,,,
Cowley,,,1004,S 909,Oxfordshire,Headington,51.7601673,-1.2109282,,,,
Cutslow,,,1004,S 909,Oxfordshire,Headington,51.7601673,-1.2109282,,,,
Headington,,,1004,S 909,Oxfordshire,Headington,51.7601673,-1.2109282,,,,
Upper Winchendon,,,1004,S 909,Buckinghamshire,Headington,51.7601673,-1.2109282,,,,
Whitehill in Tackley,,,1004,S 909,Oxfordshire,Headington,51.7601673,-1.2109282,,,,
Albury,,,933,S 420,Surrey,Kingston-on-Thames,51.674265,-1.2825865,,,,
Banstead,,,933,S 420,Surrey,Kingston-on-Thames,51.674265,-1.2825865,,,,
Beddington,,,933,S 420,Surrey,Kingston-on-Thames,51.674265,-1.2825865,,,,
Bisley,,,933,S 420,Surrey,Kingston-on-Thames,51.674265,-1.2825865,,,,
Bookham,,,"933, 947, 967, 1051",S 420,Surrey,Kingston-on-Thames,51.674265,-1.2825865,,,,
Bosanketh,,,925,S 450,Cornwall,Kingston-on-Thames,51.674265,-1.2825865,,,,
Bosliven,,,925,S 450,Cornwall,Kingston-on-Thames,51.674265,-1.2825865,,,,
Botilwoelon,,,925,S 450,Cornwall,Kingston-on-Thames,51.674265,-1.2825865,,,,
Burnewhall,,,925,S 450,Cornwall,Kingston-on-Thames,51.674265,-1.2825865,,,,
Byfleet,,,933,S 420,Surrey,Kingston-on-Thames,51.674265,-1.2825865,,,,
Carshalton (Æuueltone),,,933,S 420,Surrey,Kingston-on-Thames,51.674265,-1.2825865,,,,
Cealuadune (Chaldon),,,927,S 420,Surrey,Kingston-on-Thames,51.674265,-1.2825865,,,,
Cheam,,,928,S 420,Surrey,Kingston-on-Thames,51.674265,-1.2825865,,,,
Chertsey,,,929,S 420,Surrey,Kingston-on-Thames,51.674265,-1.2825865,,,,
Chipstead,,,930,S 420,Surrey,Kingston-on-Thames,51.674265,-1.2825865,,,,
Chobham,,,931,S 420,Surrey,Kingston-on-Thames,51.674265,-1.2825865,,,,
Cobham,,,932,S 420,Surrey,Kingston-on-Thames,51.674265,-1.2825865,,,,
Coulsdon,,,933,S 420,Surrey,Kingston-on-Thames,51.674265,-1.2825865,,,,
Cuddington,,,933,S 420,Surrey,Kingston-on-Thames,51.674265,-1.2825865,,,,
Dritham,,,933,S 420,Surrey,Kingston-on-Thames,51.674265,-1.2825865,,,,
East Clandon,,,933,S 420,Surrey,Kingston-on-Thames,51.674265,-1.2825865,,,,
Effingham,,,933,S 420,Surrey,Kingston-on-Thames,51.674265,-1.2825865,,,,
Egham,,,933,S 420,Surrey,Kingston-on-Thames,51.674265,-1.2825865,,,,
Epsom,,,933,S 420,Surrey,Kingston-on-Thames,51.674265,-1.2825865,,,,
Folkestone,,,"927, 1035, 1051","S 398, S 981, S 1047",Kent,Kingston-on-Thames,51.674265,-1.2825865,,,,
Frimley,,,"933, 967","S 420, S 752",Surrey,Kingston-on-Thames,51.674265,-1.2825865,,,,
"Getinges (cf. Eaton Farm,  Chobham)",,,"885, 933","S 353, S 420",Surrey,Kingston-on-Thames,51.674265,-1.2825865,,,,
Hunewaldesham (lost) in Weybridge,,,"885, 933","S 353, S 420",Surrey,Kingston-on-Thames,51.674265,-1.2825865,,,,
Merstham,,,"933, 947, 967, 1051","S 420, S 528, S 752, S 1047",Surrey,Kingston-on-Thames,51.674265,-1.2825865,,,,
Mitcham,,,933,S 420,Surrey,Kingston-on-Thames,51.674265,-1.2825865,,,,
Molesey,,,933,S 420,Surrey,Kingston-on-Thames,51.674265,-1.2825865,,,,
Pendrea,,,925,S 450,Cornwall,Kingston-on-Thames,51.674265,-1.2825865,,,,
Petersham,,,933,S 420,Surrey,Kingston-on-Thames,51.674265,-1.2825865,,,,
Pointers in Cobham,,,933,S 420,Surrey,Kingston-on-Thames,51.674265,-1.2825865,,,,
Streatham,,,933,S 420,Surrey,Kingston-on-Thames,51.674265,-1.2825865,,,,
"Suthmeresfelda (Canon’s Farm,  Banstead)",,,933,S 420,Surrey,Kingston-on-Thames,51.674265,-1.2825865,,,,
Sutton,,,933,S 420,Surrey,Kingston-on-Thames,51.674265,-1.2825865,,,,
Tadworth,,,933,S 420,Surrey,Kingston-on-Thames,51.674265,-1.2825865,,,,
Thorpe,,,933,S 420,Surrey,Kingston-on-Thames,51.674265,-1.2825865,,,,
Thunderfield,,,933,S 420,Surrey,Kingston-on-Thames,51.674265,-1.2825865,,,,
Tooting,,,933,S 420,Surrey,Kingston-on-Thames,51.674265,-1.2825865,,,,
Treikyn,,,925,S 450,Cornwall,Kingston-on-Thames,51.674265,-1.2825865,,,,
Treverven,,,925,S 450,Cornwall,Kingston-on-Thames,51.674265,-1.2825865,,,,
Waddington,,,93,S 420,Surrey,Kingston-on-Thames,51.674265,-1.2825865,,,,
Warkton,,,946,S 520,Northamptonshire,Kingston-on-Thames,51.674265,-1.2825865,,,,
Werburginland (? Way (Wayborough) near Minster),,,924,S 394,Kent,Kingston-on-Thames,51.674265,-1.2825865,,,,
West Clandon,,,933,S 420,Surrey,Kingston-on-Thames,51.674265,-1.2825865,,,,
Weybridge,,,933,S 420,Surrey,Kingston-on-Thames,51.674265,-1.2825865,,,,
White Waltham,,,933,S 420,Berkshire,Kingston-on-Thames,51.674265,-1.2825865,,,,
Woodham in Chertsey,,,933,S 420,Surrey,Kingston-on-Thames,51.674265,-1.2825865,,,,
Ewell,,,933,S 420,Surrey,Kingston-on-Thames,51.674265,-1.2825865,,,,
Ham,,,931,S 416,Wiltshire,"Lifton, Westminster",,,,,,
Brabourne,,,996,S 877,Kent,London,51.4893335,-0.1440551,,,,
Burhwarefelda,,,996,S 877,Kent,London,51.4893335,-0.1440551,,,,
Chalk,,,996,S 877,Kent,London,51.4893335,-0.1440551,,,,
Cofton Hackett,,,934,S 428,Worcestershire,London,51.4893335,-0.1440551,,,,
Crowland,,,1032,S 965,Lincolnshire,London,51.4893335,-0.1440551,,,,
Evegate,,,996,S 877,Kent,London,51.4893335,-0.1440551,,,,
Hopwood in Alvechurch,,,934,S 428,Worcestershire,London,51.4893335,-0.1440551,,,,
Nackington,,,996,S 877,Kent,London,51.4893335,-0.1440551,,,,
Rednal in Kings Norton,,,934,S 428,Worcestershire,London,51.4893335,-0.1440551,,,,
Wast Hills,,,934,S 428,Worcestershire,London,51.4893335,-0.1440551,,,,
Werstfelda,,,934,S 428,Worcestershire,London,51.4893335,-0.1440551,,,,
Wirigenn (? Perry),,,996,S 877,Kent,London,51.4893335,-0.1440551,,,,
Earnley,,,930,S 403,Sussex,Lyminster,50.8339978,-0.5475421,,,,
Medmerry,,,930,S 403,Sussex,Lyminster,50.8339978,-0.5475421,,,,
Chelworth in Crudwell,,,885,S 356,Wiltshire,Malmesbury,51.58447,-2.0982042,,,,
(West) Meon,,,932,S 417,Hampshire,Milton,52.2422961,0.1604726,,,,
Stanton St Bernard,,,903,S 368,Wiltshire,Milton,52.2422961,0.1604726,,,,
Amounderness,,,934,S 407,Lancashire,Nottingham,52.9534193,-1.1496461,,,,
Aston (? Aston Sutton),,,958,S 667,Cheshire,Penkridge,52.7246633,-2.1127563,,,,
Barrow (? Great Barrow),,,958,S 667,Cheshire,Penkridge,52.7246633,-2.1127563,,,,
Cheavely,,,958,S 667,Cheshire,Penkridge,52.7246633,-2.1127563,,,,
Hoseley,,,958,S 667,Cheshire,Penkridge,52.7246633,-2.1127563,,,,
Huntington,,,958,S 667,Cheshire,Penkridge,52.7246633,-2.1127563,,,,
Upton,,,958,S 667,Cheshire,Penkridge,52.7246633,-2.1127563,,,,
Hypeles eald land (Treable in Cheriton Bishop),,,976,S 830,Devonshire,Puddletown,50.7489205,-2.3468411,,,,
Caughley in Barrow,,,901,S 221,Shropshire,Shrewsbury,52.707755,-2.7540658,,,,
Easthope,,,901,S 221,Shropshire,Shrewsbury,52.707755,-2.7540658,,,,
Patton,,,901,S 221,Shropshire,Shrewsbury,52.707755,-2.7540658,,,,
Stanton Long,,,901,S 221,Shropshire,Shrewsbury,52.707755,-2.7540658,,,,
Suthtone (? Sutton Maddock),,,949,S 549,Shropshire,Somerton,51.06161,-2.7548573,,,,
Hardwell in Compton Beauchamp,,,903,S 369,Berkshire,Southampton,50.9025349,-1.404189,,,,
Worthy,,,900,S 360,Hampshire,Southampton,50.9025349,-1.404189,,,,
Farnborough,,,1042,S 993,Berkshire,Sutton Courtenay,51.6397508,-1.2777309,,,,
Downton,50.993,-1.743,"997, 1051",S 891,Wiltshire,"Wantage, Calne",,,,,,
Ebbesborne,51.017,-2.013,997, S 891,Wiltshire,"Wantage, Calne",,,,,,
Farnborough,,,915,S 225,"Berkshire, Warwickshire",Weardburg,,,,,,
Aldenham,,,1066,S 1043,Hertfordshire,Westminster,51.5004439,-0.1265398,,,,
Amersham,,,1066,S 1043,Buckinghamshire,Westminster,51.5004439,-0.1265398,,,,
Ashwell,,,1066,S 1043,Hertfordshire,Westminster,51.5004439,-0.1265398,,,,
Ayot (St Lawrence),,,1066,S 1043,Hertfordshire,Westminster,51.5004439,-0.1265398,,,,
Brickendon,,,998,S 894,Hertfordshire,Westminster,51.5004439,-0.1265398,,,,
Chollington in Eastbourne,,,1066,S 1043,Sussex,Westminster,51.5004439,-0.1265398,,,,
Claygate,,,1066,S 1043,Surrey,Westminster,51.5004439,-0.1265398,,,,
Cowley Peachey,,,998,S 894,Middlesex,Westminster,51.5004439,-0.1265398,,,,
Datchworth,,,1066,S 1043,Hertfordshire,Westminster,51.5004439,-0.1265398,,,,
Deene,,,1066,S 1043,Northamptonshire,Westminster,51.5004439,-0.1265398,,,,
Deerhurst,,,1066,S 1043,Gloucestershire,Westminster,51.5004439,-0.1265398,,,,
Denham,,,1066,S 1043,Buckinghamshire,Westminster,51.5004439,-0.1265398,,,,
Fanton (Hall) in North Benfleet,,,1066,S 1043,Essex,Westminster,51.5004439,-0.1265398,,,,
Greenford,,,1066,S 1043,Middlesex,Westminster,51.5004439,-0.1265398,,,,
Hampstead,,,"998, 1066","S 894, S 1043",Middlesex,Westminster,51.5004439,-0.1265398,,,,
Hanwell,,,998,S 894,Hertfordshire,Westminster,51.5004439,-0.1265398,,,,
Hendon,,,"998, 1066","S 894, S 1043",Middlesex,Westminster,51.5004439,-0.1265398,,,,
Holwell,,,1066,S 1043,Hertfordshire,Westminster,51.5004439,-0.1265398,,,,
Islip,,,1066,S 1043,Oxfordshire,Westminster,51.5004439,-0.1265398,,,,
Kelvedon,,,1066,S 1043,Essex,Westminster,51.5004439,-0.1265398,,,,
Kelvedon Hatch,,,1066,S 1043,Essex,Westminster,51.5004439,-0.1265398,,,,
Latchingdon,,,1066,S 1043,Essex,Westminster,51.5004439,-0.1265398,,,,
Launton,,,1066,S 1043,Oxfordshire,Westminster,51.5004439,-0.1265398,,,,
Lessness,,,1066,S 1043,Kent,Westminster,51.5004439,-0.1265398,,,,
Leyton,,,1066,S 1043,Essex,Westminster,51.5004439,-0.1265398,,,,
"Lothereslege (lost,  in Hendon)",,,998,S 894,Middlesex,Westminster,51.5004439,-0.1265398,,,,
Mapulderforde (? Maplestead),,,1066,S 1043,Essex,Westminster,51.5004439,-0.1265398,,,,
Morden,,,1066,S 1043,Surrey,Westminster,51.5004439,-0.1265398,,,,
Moulsham,,,1066,S 1043,Essex,Westminster,51.5004439,-0.1265398,,,,
Paddington,,,998,S 894,Middlesex,Westminster,51.5004439,-0.1265398,,,,
Paglesham,,,1066,S 1043,Essex,Westminster,51.5004439,-0.1265398,,,,
Parham,,,1066,S 1043,Sussex,Westminster,51.5004439,-0.1265398,,,,
Pershore,,,1066,S 1043,Worcestershire,Westminster,51.5004439,-0.1265398,,,,
Perton,,,1066,S 1043,Staffordshire,Westminster,51.5004439,-0.1265398,,,,
Rayne,,,1066,S 1043,Essex,Westminster,51.5004439,-0.1265398,,,,
Rutland (shire),,,1066,S 1043,Rutland,Westminster,51.5004439,-0.1265398,,,,
Shepperton,,,"998, 1066","S 894, S 1043",Middlesex,Westminster,51.5004439,-0.1265398,,,,
Staines,,,1066,S 1043,Middlesex,Westminster,51.5004439,-0.1265398,,,,
Stevenage,,,1066,S 1043,Hertfordshire,Westminster,51.5004439,-0.1265398,,,,
Sudborough,,,1066,S 1043,Northamptonshire,Westminster,51.5004439,-0.1265398,,,,
Sullington,,,998,S 894,Sussex,Westminster,51.5004439,-0.1265398,,,,
Sunbury,,,1066,S 1043,Middlesex,Westminster,51.5004439,-0.1265398,,,,
Wanstead,,,1066,S 1043,Essex,Westminster,51.5004439,-0.1265398,,,,
Watton-at-Stone,,,1066,S 1043,Hertfordshire,Westminster,51.5004439,-0.1265398,,,,
Weedon,,,1066,S 1043,Buckinghamshire,Westminster,51.5004439,-0.1265398,,,,
Wennington,,,1066,S 1043,Essex,Westminster,51.5004439,-0.1265398,,,,
West Chiltington,,,1066,S 1043,Sussex,Westminster,51.5004439,-0.1265398,,,,
Westminster (town),,,"998, 1066","S 894, S 1043",Middlesex,Westminster,51.5004439,-0.1265398,,,,
Wheathampstead,,,1066,S 1043,Hertfordshire,Westminster,51.5004439,-0.1265398,,,,
Windsor,,,1066,S 1043,Berkshire,Westminster,51.5004439,-0.1265398,,,,
Wormley,,,1066,S 1043,Hertfordshire,Westminster,51.5004439,-0.1265398,,,,
Collingbourne,,,933,S 379,Wiltshire,Wilton,51.0805315,-1.8607051,,,,
Abbots Bromley,,,942,S 479,Staffordshire,Winchcombe,51.9527513,-1.9675136,,,,
Branston,,,942,S 479,Staffordshire,Winchcombe,51.9527513,-1.9675136,,,,
Clifton,,,942,S 479,Staffordshire,Winchcombe,51.9527513,-1.9675136,,,,
Haunton,,,942,S 479,Staffordshire,Winchcombe,51.9527513,-1.9675136,,,,
Kings Bromley,,,942,S 479,Staffordshire,Winchcombe,51.9527513,-1.9675136,,,,
Rolleston,,,942,S 479,Staffordshire,Winchcombe,51.9527513,-1.9675136,,,,
Stretton,,,942,S 479,Staffordshire,Winchcombe,51.9527513,-1.9675136,,,,
Tatenhill,,,942,S 479,Staffordshire,Winchcombe,51.9527513,-1.9675136,,,,
Derantune (? Durrington),,,934,S 425,Sussex,Winchester,51.0612766,-1.3131692,,,,
Hurstbourne Priors,,,900,S 358,Hampshire,Winchester,51.0612766,-1.3131692,,,,
Sparcells in Lydiard Millicent,,,900,S 359,Wiltshire,Winchester,51.0612766,-1.3131692,,,,
Stoke by Hurstbourne,,,900,S 359,Hampshire,Winchester,51.0612766,-1.3131692,,,,
Chisledon,,,"900, 901","S 359, S 366",Wiltshire,"Winchester, Southampton",50.9262828,-1.4381007,,,,
(Bishops) Lydeard,,,1065,S 1042,Somerset,Windsor,51.4837886,-0.6040419,,,,
(East) Wanstrow,,,1065,S 1042,Somerset,Windsor,51.4837886,-0.6040419,,,,
Binegar,,,1065,S 1042,Somerset,Windsor,51.4837886,-0.6040419,,,,
Bleadney,,,1065,S 1042,Somerset,Windsor,51.4837886,-0.6040419,,,,
Chew Magna,,,1065,S 1042,Somerset,Windsor,51.4837886,-0.6040419,,,,
Combe St Nicholas,,,1065,S 1042,Somerset,Windsor,51.4837886,-0.6040419,,,,
Congresbury,,,1065,S 1042,Somerset,Windsor,51.4837886,-0.6040419,,,,
Evercreech,,,1065,S 1042,Somerset,Windsor,51.4837886,-0.6040419,,,,
Kingsbury,,,1065,S 1042,Somerset,Windsor,51.4837886,-0.6040419,,,,
Litton,,,1065,S 1042,Somerset,Windsor,51.4837886,-0.6040419,,,,
Wedmore,,,1065,S 1042,Somerset,Windsor,51.4837886,-0.6040419,,,,
Wells,,,1065,S 1042,Somerset,Windsor,51.4837886,-0.6040419,,,,
Westbury,,,1065,S 1042,Somerset,Windsor,51.4837886,-0.6040419,,,,
Winsham,,,1065,S 1042,Somerset,Windsor,51.4837886,-0.6040419,,,,
Withycombe,,,1065,S 1042,Somerset,Windsor,51.4837886,-0.6040419,,,,
Armingford,,,"970, 970","S 776, S 779",Cambridgeshire,Woolmer,51.0937792,-0.7481479,,,,
Farleigh,,,898,S 350,Kent,Woolmer,51.0937792,-0.7481479,,,,
Melbourn,,,"970, 970","S 776, S 779",Cambridgeshire,Woolmer,51.0937792,-0.7481479,,,,
Northwold,,,970,S 779,Norfolk,Woolmer,51.0937792,-0.7481479,,,,
Ely,,,"957, 970","S 646, S 776",Cambridgeshire,"Woolmer, Edington",,,,,,
Watchfield,,,931,S 413,Berkshire,Worthy,51.1033985,-1.3008489,,,,
